content_hash_id,client_hash_id,refresh_probability,avg_impressions,avg_clicks,avg_position
content_0e60e9ab0f3b4b33,client_23a62021009f63c4,1.0,477.8666666666667,1.0,38.444632913683954
content_f8c0566c8f017176,client_23a62021009f63c4,1.0,163.33333333333334,0.3,27.97929738004159
content_7db726a87343e8e8,client_23a62021009f63c4,1.0,122.93333333333334,0.9666666666666667,15.090197975411971
content_df61affb97835ae7,client_23a62021009f63c4,1.0,199.4,0.13333333333333333,39.490198214740076
content_91a3f1d364534690,client_23a62021009f63c4,1.0,236.06666666666666,1.0333333333333334,18.706601281257417
content_4e98cd7d19bc6af0,client_23a62021009f63c4,1.0,219.33333333333334,1.5,30.212662512383236
content_0f7a4c1d26aa1acb,client_23a62021009f63c4,1.0,160.03333333333333,0.5,22.7514071154054
content_22a01117af6f0ecf,client_23a62021009f63c4,1.0,179.4,0.23333333333333334,38.012012842263815
content_35317f4121eb61c0,client_23a62021009f63c4,1.0,121.16666666666667,0.7,18.708535384737647
content_e116392bcc5d1470,client_23a62021009f63c4,1.0,186.4,0.6333333333333333,17.37225507649669
content_34641694b788341b,client_23a62021009f63c4,1.0,102.9,0.26666666666666666,17.93462990675886
content_39d5fdad0eb7d39a,client_23a62021009f63c4,1.0,107.23333333333333,0.43333333333333335,33.763006509263555
content_7f6b9ff6220ad57f,client_23a62021009f63c4,1.0,123.93333333333334,0.3333333333333333,35.941160468416165
content_888895cf559aaeff,client_23a62021009f63c4,1.0,159.8,1.0333333333333334,21.635653189658058
content_91a6b43454608fb5,client_23a62021009f63c4,1.0,111.23333333333333,0.36666666666666664,24.20070451426162
content_a908d5c1644efff9,client_23a62021009f63c4,1.0,176.2,0.1,21.104614721855445
content_9d1e94cbd32b0a41,client_23a62021009f63c4,1.0,416.8,0.36666666666666664,41.03162636473142
content_066c2291283a5200,client_23a62021009f63c4,1.0,171.1,0.1,34.39572001868839
content_650ed591dab32bea,client_23a62021009f63c4,1.0,128.3,0.4,27.901840356527728
content_eda09057681aa39b,client_23a62021009f63c4,1.0,107.36666666666666,0.43333333333333335,33.96126724755606
content_86d927b3f5be98a9,client_23a62021009f63c4,1.0,120.63333333333334,0.7666666666666667,22.43808273972787
content_9e93299136900686,client_e547b89c05043229,1.0,274.73333333333335,0.8,19.51392814504809
content_2a2ae54e588728de,client_23a62021009f63c4,1.0,226.26666666666668,0.9333333333333333,15.440657370471406
content_60bc77e871ccbb5e,client_23a62021009f63c4,1.0,512.3,1.2666666666666666,25.462309973445258
content_16a505615d57ea1a,client_e547b89c05043229,1.0,384.8,1.3666666666666667,16.804003015967258
content_9f669525655492f5,client_23a62021009f63c4,1.0,183.96666666666667,0.23333333333333334,19.240490092842002
content_e58f0b235272b639,client_23a62021009f63c4,1.0,232.26666666666668,0.6,20.25508091374144
content_0efb872240e8cbaa,client_23a62021009f63c4,1.0,386.6333333333333,1.0,22.57342083952081
content_0998d71a565ac39f,client_23a62021009f63c4,1.0,107.2,0.7333333333333333,16.75236827852984
content_40a263544c063f61,client_e5c2aa26a8598242,1.0,142.5,0.23333333333333334,17.7536515574725
content_469ce16a71d8ef05,client_23a62021009f63c4,1.0,232.1,0.3333333333333333,28.81195650282866
content_a2f4a92e3e748f7d,client_23a62021009f63c4,1.0,158.43333333333334,1.0,26.25868105812971
content_bd7d6449bed7052a,client_23a62021009f63c4,1.0,601.7333333333333,1.4333333333333333,27.598961450380536
content_6de3259a83a1fd83,client_23a62021009f63c4,1.0,102.13333333333334,0.23333333333333334,38.14161857143236
content_309c2ccc855ac350,client_23a62021009f63c4,1.0,302.93333333333334,0.4666666666666667,43.61934837722947
content_3f4c7d3efc7cf599,client_23a62021009f63c4,1.0,306.46666666666664,0.4666666666666667,33.62195338944284
content_40656bb40c8f4818,client_23a62021009f63c4,1.0,106.06666666666666,0.8,20.60702708677888
content_a5b72b62c90be9ca,client_23a62021009f63c4,1.0,127.6,0.8333333333333334,29.4207111311755
content_97d74e728da008ce,client_23a62021009f63c4,1.0,188.46666666666667,0.23333333333333334,42.803989807622465
content_bafd0eaf1ca2e8b9,client_23a62021009f63c4,1.0,151.2,0.13333333333333333,29.378227452167966
content_10e8f76ed8c5c392,client_e547b89c05043229,1.0,179.96666666666667,0.2,42.76844114665901
content_2ad767912d94b780,client_23a62021009f63c4,1.0,225.46666666666667,0.3333333333333333,28.164053927184433
content_b25582acb341f133,client_23a62021009f63c4,1.0,107.7,0.16666666666666666,18.531906347482654
content_e43d9ec6ada70f02,client_23a62021009f63c4,1.0,205.26666666666668,0.6333333333333333,38.8752386074532
content_8a67733b1be6b4ab,client_23a62021009f63c4,1.0,190.86666666666667,0.4666666666666667,18.601659536025316
content_127eb47329396606,client_23a62021009f63c4,1.0,442.53333333333336,1.0666666666666667,39.94076794722988
content_d37879e75c2634ff,client_23a62021009f63c4,1.0,158.46666666666667,0.3333333333333333,21.156557564026667
content_56208173d7626df3,client_23a62021009f63c4,1.0,202.66666666666666,0.6333333333333333,18.205014412498993
content_25009cafa787d5a3,client_23a62021009f63c4,1.0,153.16666666666666,0.6666666666666666,30.366158798228806
content_f929f99a6f4e0c3f,client_23a62021009f63c4,1.0,159.33333333333334,0.5,34.03610780942187
content_8ed3506b84b0a2ad,client_23a62021009f63c4,1.0,336.4,0.7666666666666667,36.34190149033216
content_98ccb2cdecf1e4d6,client_23a62021009f63c4,1.0,181.76666666666668,1.4666666666666666,16.233386387286554
content_da3caa29c09139b8,client_23a62021009f63c4,1.0,136.06666666666666,0.3333333333333333,38.367503841826675
content_e02c3bf8013fef4e,client_23a62021009f63c4,1.0,117.33333333333333,0.3,39.534859174595766
content_e8a1d3f58b65acd3,client_23a62021009f63c4,1.0,143.16666666666666,0.8,23.143828914422397
content_202c2572bbaf3306,client_23a62021009f63c4,1.0,113.03333333333333,0.36666666666666664,23.545997719345866
content_354e3702719e0143,client_e547b89c05043229,1.0,214.2,0.2,20.334785891614956
content_a218e3736b509ae4,client_e547b89c05043229,1.0,116.8,0.23333333333333334,18.568629847939384
content_70dee8ef5cd22ccb,client_23a62021009f63c4,1.0,473.2,2.3666666666666667,16.279538602078826
content_d91d3e5ac5c9ec41,client_23a62021009f63c4,1.0,146.43333333333334,0.2,39.025482273865705
content_2f98442c19c40fbf,client_23a62021009f63c4,1.0,345.0,1.1,25.56804550782947
content_3455e711fb9ed498,client_23a62021009f63c4,1.0,141.93333333333334,0.3333333333333333,19.986491144198855
content_a620ead36c411b4d,client_23a62021009f63c4,1.0,143.6,0.4,29.212197955139935
content_3418e48c3ce87f76,client_23a62021009f63c4,1.0,356.23333333333335,0.4666666666666667,40.747799783041074
content_c7e847c97e1a5a0e,client_e547b89c05043229,1.0,114.86666666666666,0.5333333333333333,16.468267463141995
content_7bd6159ffae929b0,client_23a62021009f63c4,1.0,102.86666666666666,0.5666666666666667,18.27105347670693
content_1354bf36b3914fc1,client_23a62021009f63c4,1.0,155.63333333333333,0.5,34.296163535445274
content_8a2cb6dacd4fa7fc,client_23a62021009f63c4,1.0,104.6,0.36666666666666664,28.767086200104334
content_d7c273ebeb29dc8e,client_23a62021009f63c4,1.0,225.5,0.7,24.403481843725377
content_04280acc2eed61c5,client_23a62021009f63c4,1.0,183.06666666666666,0.8666666666666667,19.889609281121185
content_6faedaa6510f807f,client_23a62021009f63c4,1.0,583.5,1.1333333333333333,24.48119177464498
content_842ebed762e220e0,client_23a62021009f63c4,1.0,130.36666666666667,0.3,25.11699128593129
content_0579c88390cb227c,client_23a62021009f63c4,1.0,182.53333333333333,0.6333333333333333,40.53663762777155
content_6b31bfdb873e9676,client_23a62021009f63c4,1.0,155.73333333333332,0.26666666666666666,37.05461933351517
content_97e3d3230ef0dc35,client_23a62021009f63c4,1.0,261.7,0.5,35.36060692848516
content_37a08543cbc79f83,client_23a62021009f63c4,1.0,131.2,0.3,28.959694712688954
content_f480ff31406cea0b,client_23a62021009f63c4,1.0,202.5,0.4,20.39773812204245
content_5f20a7e522d77325,client_23a62021009f63c4,1.0,287.0,0.7333333333333333,19.89449172686831
content_a75779fcdac2f40b,client_23a62021009f63c4,1.0,210.16666666666666,0.3,35.30079614128387
content_bf0166f71253c711,client_23a62021009f63c4,1.0,400.6666666666667,1.0333333333333334,18.848439083773943
content_f09e440aefd7aa8c,client_e547b89c05043229,1.0,573.2,0.43333333333333335,28.825947931575048
content_574dfbb3f5ebfde9,client_23a62021009f63c4,1.0,388.6333333333333,0.6333333333333333,21.037937456232495
content_da53383a01f5fbcb,client_23a62021009f63c4,1.0,193.63333333333333,0.3,22.06284103907029
content_9001c0fe355560f2,client_23a62021009f63c4,1.0,122.23333333333333,0.6333333333333333,30.84384051561947
content_3bed047510c5d9d2,client_23a62021009f63c4,1.0,231.23333333333332,1.2666666666666666,25.68495622817338
content_383d0e709b8447a8,client_23a62021009f63c4,1.0,548.4666666666667,0.3333333333333333,30.660998738386624
content_fb155d81142b5e81,client_23a62021009f63c4,1.0,137.93333333333334,1.3666666666666667,17.98875172907013
content_4f20bf99ad8a4c17,client_23a62021009f63c4,1.0,823.1666666666666,1.2333333333333334,30.10717358669696
content_15c216b7f06e2d03,client_23a62021009f63c4,1.0,135.43333333333334,0.26666666666666666,22.487315590766414
content_4c064cab319a96a7,client_23a62021009f63c4,1.0,214.26666666666668,1.1,21.69562383237356
content_c61235ca943092f1,client_23a62021009f63c4,1.0,155.96666666666667,0.1,47.47131857211645
content_07d18b5532a914ab,client_23a62021009f63c4,1.0,292.0,0.7333333333333333,20.29477669758181
content_a54b7d0f2392631a,client_23a62021009f63c4,1.0,518.2666666666667,0.9666666666666667,17.889456997801187
content_f5fccee5573f0c8e,client_23a62021009f63c4,1.0,343.3,0.26666666666666666,27.11502211750579
content_2626b871a221bc5f,client_23a62021009f63c4,1.0,253.0,0.43333333333333335,30.656007239538287
content_35b0acdb8f7a6e04,client_23a62021009f63c4,1.0,403.26666666666665,2.3666666666666667,15.683881681849533
content_37ac00d0bd8d05e6,client_23a62021009f63c4,1.0,198.3,0.4,37.4969563058124
content_4f31b9dd835d5057,client_23a62021009f63c4,1.0,491.8333333333333,1.7666666666666666,17.54583136869992
content_88ebc555845b1a47,client_23a62021009f63c4,1.0,492.03333333333336,1.1,18.129935657930034
content_9194f062566b01f9,client_23a62021009f63c4,1.0,176.2,0.8333333333333334,20.02162873838064
content_3deec16b68aeb0b9,client_23a62021009f63c4,1.0,133.5,0.2,17.090460356251683
content_b82fe9f8a98d53f6,client_23a62021009f63c4,1.0,122.63333333333334,0.43333333333333335,42.061187427030504
content_57fdeaf75fb2a5f0,client_23a62021009f63c4,1.0,635.8666666666667,1.4333333333333333,15.528016627719474
content_a8cc67fa7838ad00,client_23a62021009f63c4,1.0,140.53333333333333,0.23333333333333334,33.95797563564658
content_c866b29e81c2b999,client_23a62021009f63c4,1.0,141.83333333333334,0.9,29.890134650433787
content_9ef24b1ba8da61f5,client_23a62021009f63c4,1.0,486.93333333333334,1.6,17.65808891544866
content_18737c0c09d3515a,client_23a62021009f63c4,1.0,440.8333333333333,2.3,15.480985683097973
content_cee4cb4263ca6a89,client_23a62021009f63c4,1.0,168.76666666666668,1.0666666666666667,21.08956602460848
content_6486239516a186d7,client_23a62021009f63c4,1.0,1272.0666666666666,1.5666666666666667,24.884339708641107
content_25706b46826c0070,client_23a62021009f63c4,1.0,267.76666666666665,0.7333333333333333,27.908642807583547
content_a61024c19ae900c8,client_e547b89c05043229,1.0,111.6,0.26666666666666666,23.949071887740114
content_e23909f72d8ba18e,client_23a62021009f63c4,1.0,139.06666666666666,0.3,23.579963875097974
content_2981fbcbf1b10cf6,client_23a62021009f63c4,1.0,217.8,0.6333333333333333,31.126732834460867
content_6fec9ea21e08d607,client_23a62021009f63c4,1.0,161.1,0.6,15.705928664296767
content_91ec4eaa08a5d3ee,client_23a62021009f63c4,1.0,123.83333333333333,0.43333333333333335,28.38148115994261
content_43cfce67e23dc4b0,client_23a62021009f63c4,1.0,831.1333333333333,1.4333333333333333,26.255885301625888
content_4a662bd8e7a490bd,client_23a62021009f63c4,1.0,128.9,0.5,43.06404649321963
content_fd65a28251a8c981,client_23a62021009f63c4,1.0,142.76666666666668,0.2,22.78720752998387
content_775c9d02b262a51b,client_23a62021009f63c4,1.0,114.1,0.7333333333333333,17.20388210461715
content_c3f0019d65ca9b79,client_23a62021009f63c4,1.0,295.73333333333335,1.3333333333333333,15.617709733966988
content_919a462570b3682a,client_23a62021009f63c4,1.0,110.3,0.5,23.58897713894547
content_df47d1b976106de4,client_23a62021009f63c4,1.0,1650.8333333333333,1.7,18.510717015608552
content_eef15ca561c0e541,client_23a62021009f63c4,1.0,120.03333333333333,0.8,22.385473871318208
content_4a96566147ced926,client_23a62021009f63c4,1.0,235.2,0.36666666666666664,16.41843481208216
content_3020ac1ba06614ab,client_23a62021009f63c4,1.0,242.06666666666666,0.5,26.856594888205603
content_f377e1cf40f511f8,client_23a62021009f63c4,1.0,144.16666666666666,0.13333333333333333,32.40557162383708
content_f6ec15de432408a3,client_23a62021009f63c4,1.0,129.66666666666666,0.6,19.739502442557832
content_fb26a92e7b664839,client_23a62021009f63c4,1.0,144.46666666666667,0.4,37.144952725364064
content_75e6f659c4d5f2a3,client_23a62021009f63c4,1.0,122.2,0.23333333333333334,17.280054921736262
content_4ae1505344734f99,client_23a62021009f63c4,1.0,114.4,0.3333333333333333,22.547508047992817
content_491c0950e52d7e85,client_86ebc2f12c01f586,1.0,120.38461538461539,0.5384615384615384,22.66903096783401
content_93df57f90123f58a,client_23a62021009f63c4,1.0,108.8,0.8666666666666667,28.827249789965567
content_51580bd392856fcb,client_23a62021009f63c4,1.0,129.33333333333334,0.13333333333333333,32.86644049150329
content_a39bb3a353bc2c78,client_23a62021009f63c4,1.0,161.5,0.3,27.462398644497295
content_f601df3f6df3f626,client_23a62021009f63c4,1.0,136.1,0.26666666666666666,31.744942422039532
content_0357ab65a0218b56,client_23a62021009f63c4,1.0,771.6666666666666,1.5,18.095191045391452
content_e180cfed32399e5a,client_23a62021009f63c4,1.0,407.5,0.36666666666666664,35.822659706078824
content_605169c51403d450,client_23a62021009f63c4,1.0,246.4,0.3,50.11943911501309
content_3394e3634c1ca98d,client_23a62021009f63c4,1.0,150.96666666666667,0.43333333333333335,22.816598360481795
content_e53aef0ca93a8ed1,client_23a62021009f63c4,1.0,264.1333333333333,1.3333333333333333,32.762893305382235
content_c00b0454a3e79828,client_23a62021009f63c4,1.0,717.0333333333333,1.0333333333333334,28.784482366553917
content_a38f19c31b4b1ad4,client_23a62021009f63c4,1.0,278.23333333333335,0.6666666666666666,28.326366804713462
content_da6a086e59d09b2e,client_23a62021009f63c4,1.0,222.9,0.2,34.27234157728497
content_d1fea23b7e02333a,client_23a62021009f63c4,1.0,148.8,0.9,33.396345595751605
content_7aa1533b112c76d7,client_23a62021009f63c4,1.0,163.7,0.26666666666666666,31.804621094831838
content_d217e24b903e40a5,client_23a62021009f63c4,1.0,133.33333333333334,0.3333333333333333,27.52457095286002
content_52829ce47ef1be6d,client_23a62021009f63c4,1.0,102.46666666666667,0.26666666666666666,38.19678876963928
content_1ec0ff82bb04c729,client_e547b89c05043229,1.0,124.8,0.3333333333333333,19.94539664710184
content_9b48b09518511eb2,client_e547b89c05043229,1.0,166.33333333333334,0.4,16.29177748941853
content_4fe94bdfd75c38f9,client_23a62021009f63c4,1.0,174.56666666666666,0.43333333333333335,39.911468053411895
content_91a2edfa51b3a3b3,client_23a62021009f63c4,1.0,478.23333333333335,0.9333333333333333,39.03581096407758
content_1972fd3b867fbe1d,client_23a62021009f63c4,1.0,251.7,0.5333333333333333,21.222141730243006
content_7194f35ed434d1ec,client_23a62021009f63c4,1.0,103.93333333333334,0.43333333333333335,16.880211655596728
content_c39e40af953bd2a1,client_23a62021009f63c4,1.0,533.3666666666667,2.066666666666667,21.951021812903146
content_f67c5e29ac30debb,client_23a62021009f63c4,1.0,220.66666666666666,0.5333333333333333,30.40149149363967
content_470452306c4b17f2,client_23a62021009f63c4,1.0,153.13333333333333,0.2,28.242802862515717
content_4b6a85d32974c6c6,client_23a62021009f63c4,1.0,189.2,0.3,26.692950379924756
content_a2a286258ce3f1f8,client_20259bd6705d81d4,1.0,106.6,0.36666666666666664,16.941168080968325
content_7b8330174816ff01,client_23a62021009f63c4,1.0,476.3333333333333,0.6666666666666666,26.55036753145878
content_3a37c4e8243df36e,client_23a62021009f63c4,1.0,586.2666666666667,1.7333333333333334,15.262793693887062
content_771284f2970d41c2,client_23a62021009f63c4,1.0,161.7,0.43333333333333335,29.848627952806034
content_dcb93290b018da0a,client_23a62021009f63c4,1.0,186.56666666666666,0.3,18.95985776265853
content_9ff6f06bd73932ea,client_23a62021009f63c4,1.0,152.03333333333333,0.8333333333333334,26.77475986432796
content_2f07c93433632aa7,client_23a62021009f63c4,1.0,155.03333333333333,1.0333333333333334,25.73929995387357
content_a87500d3def4a554,client_23a62021009f63c4,1.0,347.53333333333336,0.6333333333333333,33.9646334374414
content_28a2db61ca8bb267,client_23a62021009f63c4,1.0,628.1333333333333,0.8333333333333334,26.25526812510389
content_03595023d8be03d1,client_23a62021009f63c4,1.0,128.4,0.9666666666666667,21.157574744909592
content_b822bf87b3a60b9a,client_23a62021009f63c4,1.0,110.1,0.2,25.861788494115352
content_9b64151b74ead4ef,client_23a62021009f63c4,1.0,196.83333333333334,0.3,30.066490201010158
content_a475f72b23171a96,client_23a62021009f63c4,1.0,129.46666666666667,0.8333333333333334,27.076974771787444
content_ac28bf5f5b1fc9c7,client_23a62021009f63c4,1.0,271.96666666666664,0.2,38.53639582931108
content_f87b08e3ac5a62b7,client_23a62021009f63c4,1.0,514.1666666666666,0.8,25.10894785492791
content_53d69ff20ff787de,client_23a62021009f63c4,1.0,223.2,0.23333333333333334,51.78373636445792
content_7050d6cf03557822,client_23a62021009f63c4,1.0,377.6333333333333,0.6,46.865351927424065
content_bdb574e331e29226,client_23a62021009f63c4,1.0,209.86666666666667,0.8333333333333334,20.483708587457947
content_e7517465fc19e1cd,client_23a62021009f63c4,1.0,179.56666666666666,1.3333333333333333,34.565654170966035
content_73325ca66a8a63cc,client_e547b89c05043229,1.0,170.93333333333334,0.7,18.66128894619432
content_7445403c3bfb2c34,client_23a62021009f63c4,1.0,786.6,2.2,18.474431032455264
content_bb8b52b480143336,client_e547b89c05043229,1.0,135.56666666666666,0.4666666666666667,18.928346597332773
content_61703e3b8917b33f,client_23a62021009f63c4,1.0,122.56666666666666,0.5,17.661551313443344
content_7e964af93c31a536,client_23a62021009f63c4,1.0,105.2,0.2,45.33896093310174
content_bf8143f361ac7d0f,client_23a62021009f63c4,1.0,264.26666666666665,0.4666666666666667,20.159337399290937
content_a9567b5b2295e96c,client_23a62021009f63c4,1.0,178.7,0.13333333333333333,36.53318309038364
content_573804af4f4fa09f,client_23a62021009f63c4,1.0,302.26666666666665,0.6333333333333333,34.7929379543054
content_343790fb8e17cfbf,client_23a62021009f63c4,1.0,138.53333333333333,0.26666666666666666,29.152624996172964
content_63c3a5864b29f0b1,client_23a62021009f63c4,1.0,171.93333333333334,0.8333333333333334,30.262633937095984
content_daff04ddcfe23e32,client_23a62021009f63c4,1.0,133.36666666666667,0.7333333333333333,24.833938834214283
content_d95fc005fe63c48a,client_23a62021009f63c4,1.0,179.9,0.5666666666666667,25.05534645474663
content_841f233b4597d75e,client_23a62021009f63c4,1.0,119.66666666666667,0.5,39.75312620864259
content_dac6e127e2821c80,client_e547b89c05043229,1.0,113.13333333333334,0.26666666666666666,32.663365564652906
content_0db843707aa62517,client_23a62021009f63c4,1.0,146.26666666666668,1.5666666666666667,17.702012250142108
content_d12b6ea1c243dcf2,client_23a62021009f63c4,1.0,358.56666666666666,2.1,16.171106906391884
content_d017462918e592a2,client_23a62021009f63c4,1.0,545.6333333333333,1.2333333333333334,21.124345280129933
content_ce0348e5e4c10cf6,client_23a62021009f63c4,1.0,170.9,0.4,19.81457421783401
content_4b564a11fcea8f31,client_23a62021009f63c4,1.0,146.6,0.5333333333333333,18.397357035054036
content_2d5849828d1d9c47,client_23a62021009f63c4,1.0,150.26666666666668,0.5,27.713764014243043
content_1c2d8116e00fbd3c,client_23a62021009f63c4,1.0,157.66666666666666,0.3333333333333333,23.475769343376157
content_a37ef9b3ba9a26ed,client_23a62021009f63c4,1.0,216.9,0.9333333333333333,17.85128571846645
content_d2e7721f9afb8586,client_23a62021009f63c4,1.0,229.23333333333332,0.43333333333333335,37.63742880818677
content_60fa2be855c7c15d,client_23a62021009f63c4,1.0,117.46666666666667,0.26666666666666666,20.521468135842817
content_e1b2be22422f977b,client_23a62021009f63c4,1.0,129.13333333333333,0.26666666666666666,33.40478739494726
content_a9bd755980df01cc,client_23a62021009f63c4,1.0,195.93333333333334,0.3,29.40465804429625
content_54488b3c9ca74731,client_23a62021009f63c4,1.0,201.3,0.2,31.48510358627879
content_82460799b3a3b7b7,client_23a62021009f63c4,1.0,103.83333333333333,0.26666666666666666,16.740227593196114
content_c66c8dc8b8396f3b,client_23a62021009f63c4,1.0,140.73333333333332,0.9,19.075362401480188
content_f41eddade2762f10,client_23a62021009f63c4,1.0,1251.4333333333334,2.533333333333333,19.38880617234288
content_a135fbed89c8c076,client_23a62021009f63c4,1.0,219.36666666666667,1.0666666666666667,30.077705616715058
content_917d2b8a921cc916,client_23a62021009f63c4,1.0,131.53333333333333,0.23333333333333334,40.0791386330302
content_0c2a5c1f1e134faa,client_23a62021009f63c4,1.0,183.53333333333333,0.43333333333333335,28.18277050390723
content_a458c7d98801b833,client_23a62021009f63c4,1.0,156.06666666666666,0.1,41.04771620297955
content_84e8ea28526bae0c,client_23a62021009f63c4,1.0,482.2,0.7,25.413296696612807
content_0d63c64014cffb1b,client_23a62021009f63c4,1.0,136.06666666666666,0.06666666666666667,33.730417653801666
content_fb0c9630d998f5ab,client_23a62021009f63c4,1.0,132.23333333333332,0.3333333333333333,35.04930779947942
content_dfd641f8391ee669,client_23a62021009f63c4,1.0,125.53333333333333,0.9666666666666667,17.30155242301545
content_3df3f32f3fd58dea,client_23a62021009f63c4,1.0,787.6333333333333,2.2333333333333334,29.903833852475298
content_133ac70d81f4b07a,client_23a62021009f63c4,1.0,110.63333333333334,0.26666666666666666,19.913619788217133
content_1bf6dd6ccb7e04ec,client_23a62021009f63c4,1.0,518.4666666666667,0.9,28.72005642915134
content_34b3c919ca9d6fa9,client_23a62021009f63c4,1.0,153.83333333333334,0.8666666666666667,19.743534389182326
content_b0d537325d4af5d2,client_23a62021009f63c4,1.0,100.9,0.43333333333333335,32.55241194632588
content_0b5d0ab50b14a4e0,client_23a62021009f63c4,1.0,151.53333333333333,0.3333333333333333,40.571291389981205
content_66196f0a2266b4de,client_e547b89c05043229,1.0,250.13333333333333,0.6666666666666666,18.74509368747914
content_8fe5b7ccd7ebc433,client_23a62021009f63c4,1.0,277.8,1.9333333333333333,20.77706661419938
content_12aad21f7eb34ddb,client_23a62021009f63c4,1.0,114.73333333333333,0.23333333333333334,30.564789157175856
content_1e7e5a6080e06c57,client_23a62021009f63c4,1.0,118.23333333333333,0.3,27.648649850864732
content_54c980b9335e86c2,client_e547b89c05043229,1.0,174.3,1.2,16.448200508105607
content_a2fcf1a75c6f084a,client_23a62021009f63c4,1.0,214.3,0.13333333333333333,43.835330235624234
content_4cf9b468bb35a45d,client_23a62021009f63c4,1.0,524.2,1.5666666666666667,33.39463208991911
content_ae17766e04de1118,client_23a62021009f63c4,1.0,151.1,0.5333333333333333,30.548272084748767
content_b0e4211ec207c90d,client_23a62021009f63c4,1.0,206.03333333333333,0.36666666666666664,30.234069478714034
content_c5de3d332869994a,client_23a62021009f63c4,1.0,108.33333333333333,0.1,16.912253326810237
content_220b6240dc7145f6,client_23a62021009f63c4,1.0,499.9,0.5333333333333333,18.467243599701177
content_168b91c64165000a,client_e547b89c05043229,1.0,249.2,0.4666666666666667,22.133634000201074
content_d2687681261f4a4a,client_23a62021009f63c4,1.0,281.06666666666666,1.1666666666666667,30.717239951796266
content_96578596f81eb4fc,client_23a62021009f63c4,1.0,378.8666666666667,0.8333333333333334,33.43313196383416
content_95077202f5201337,client_e547b89c05043229,1.0,107.5,0.5666666666666667,16.865067392265907
content_5a9d13c51fe54971,client_e547b89c05043229,1.0,128.4,0.26666666666666666,17.277621496928905
content_e68873f45e65de08,client_23a62021009f63c4,1.0,207.13333333333333,0.7,19.391920592514808
content_cbf6329f0f7d3dac,client_23a62021009f63c4,1.0,112.43333333333334,0.8666666666666667,18.719585822562177
content_422e0ed475b3e1e6,client_23a62021009f63c4,1.0,110.53333333333333,0.5666666666666667,25.572943261670275
content_8b143573408cd5e4,client_23a62021009f63c4,1.0,299.3333333333333,0.4666666666666667,19.187235728624803
content_2b09612d70c629ad,client_23a62021009f63c4,1.0,106.2,0.3333333333333333,18.85168483990094
content_5b72c718a2fa8baa,client_23a62021009f63c4,1.0,105.8,0.8,22.6240648930431
content_4e86c9e8887a066b,client_23a62021009f63c4,1.0,318.4,0.9,28.85554321647029
content_f8d08c31292064e3,client_23a62021009f63c4,1.0,104.76666666666667,0.5,17.70838282681414
content_0873da2c7fdfebf4,client_23a62021009f63c4,1.0,102.1,0.36666666666666664,17.39092059320904
content_4886422604a8fc6d,client_23a62021009f63c4,1.0,376.8333333333333,1.0666666666666667,17.818255190951184
content_fe99c603d37513f8,client_23a62021009f63c4,1.0,123.26666666666667,0.26666666666666666,25.149725223998747
content_8239af50cfd75d26,client_23a62021009f63c4,1.0,369.7,0.16666666666666666,31.191177087701053
content_41932abf133a03d8,client_23a62021009f63c4,1.0,799.7333333333333,3.066666666666667,18.079077239559957
content_a5a73d27dfe43330,client_23a62021009f63c4,1.0,515.9333333333333,1.4666666666666666,24.112451163122888
content_aac555363ac5bcbe,client_e547b89c05043229,1.0,169.8,0.6666666666666666,29.756527454115524
content_464af6ccd01252eb,client_23a62021009f63c4,1.0,111.93333333333334,0.26666666666666666,36.15458888872322
content_7e522d9f5d134863,client_23a62021009f63c4,1.0,159.23333333333332,0.7666666666666667,25.60354509080317
content_101ea49c1a8ea057,client_23a62021009f63c4,1.0,505.06666666666666,1.0,22.400752888507455
content_877c08cf2d1997a1,client_23a62021009f63c4,1.0,1201.8666666666666,1.0,30.940731182997904
content_e0a191fda43bf0fc,client_23a62021009f63c4,1.0,266.1666666666667,0.4,18.96942291835254
content_29fe3e6de4dce95d,client_23a62021009f63c4,1.0,148.33333333333334,0.7,15.329407425272876
content_cadb1599f0743476,client_e547b89c05043229,1.0,268.1,0.3333333333333333,25.389334699621386
content_ba12c4376a65993f,client_23a62021009f63c4,1.0,275.8,0.23333333333333334,26.871857246163994
content_a35e3cf9072c5f94,client_23a62021009f63c4,1.0,184.06666666666666,0.8,22.31535625598997
content_a901f3672a2c834c,client_23a62021009f63c4,1.0,230.3,1.0,16.65198885887703
content_a2e4876c642b6bdb,client_23a62021009f63c4,1.0,123.26666666666667,0.3333333333333333,27.271276208690832
content_a742ca25a2975130,client_e547b89c05043229,1.0,145.76666666666668,0.13333333333333333,44.211355839264634
content_867b0ab6b5598046,client_23a62021009f63c4,1.0,241.8,1.1666666666666667,19.088962687126067
content_df1dad1c3446dec0,client_23a62021009f63c4,1.0,235.83333333333334,1.0,20.072561772654034
content_f3c6078420c26896,client_23a62021009f63c4,1.0,112.76666666666667,0.4666666666666667,20.740662993578493
content_84b1167630eb426e,client_23a62021009f63c4,1.0,218.06666666666666,0.26666666666666666,38.38696595688608
content_91f61b79695ad12e,client_23a62021009f63c4,1.0,129.0,0.6333333333333333,19.393455095367145
content_1bc2333143773dd1,client_23a62021009f63c4,1.0,110.66666666666667,0.6,18.78861641528143
content_f4cee30efa9875b7,client_23a62021009f63c4,1.0,337.6666666666667,1.2333333333333334,17.222588976233236
content_b5c7cd63c340ef4e,client_23a62021009f63c4,1.0,208.4,0.7,19.66180605656275
content_2fd56c30794f3f62,client_23a62021009f63c4,1.0,122.96666666666667,0.4666666666666667,20.24158178915192
content_829812c03274004e,client_e547b89c05043229,1.0,252.03333333333333,1.1666666666666667,15.368532998108277
content_5abff99defb503d7,client_23a62021009f63c4,1.0,117.93333333333334,0.26666666666666666,41.60318069071865
content_5f080d63c3885947,client_23a62021009f63c4,1.0,175.26666666666668,0.4666666666666667,26.011883248875392
content_8d77b433c398f95b,client_23a62021009f63c4,1.0,118.73333333333333,0.1,21.152775732854526
content_f159abbeb656ddf3,client_23a62021009f63c4,1.0,119.66666666666667,0.5,21.60980187230688
content_83234a1a4b4e0080,client_23a62021009f63c4,1.0,158.33333333333334,0.4666666666666667,23.025996013793208
content_8e1855738427418b,client_23a62021009f63c4,1.0,161.0,2.1333333333333333,21.514667693278746
content_02474d1ff0eca1e5,client_23a62021009f63c4,1.0,360.53333333333336,0.7333333333333333,25.706379494791676
content_20f23b9a10fdd490,client_e547b89c05043229,1.0,144.53333333333333,0.4666666666666667,21.720206515055526
content_bbf8e4d669f253cf,client_23a62021009f63c4,1.0,113.53333333333333,0.3,46.02948720009776
content_69464bb4b9b0f975,client_e547b89c05043229,1.0,514.4333333333333,1.4666666666666666,18.338137461897535
content_ee3dbd772d6ee8fd,client_23a62021009f63c4,1.0,157.83333333333334,0.8,31.695957090818318
content_824015035d039ad9,client_23a62021009f63c4,1.0,692.2666666666667,1.7666666666666666,18.5887815375429
content_69f7faf72e0015ff,client_23a62021009f63c4,1.0,268.46666666666664,0.4,28.321028560243402
content_fdf510facb7e51ff,client_23a62021009f63c4,1.0,142.9,0.9333333333333333,21.61594018298688
content_3ecbd0e3911c0a35,client_23a62021009f63c4,1.0,531.4,0.36666666666666664,41.90773782934283
content_daefe9417b0c1e18,client_23a62021009f63c4,1.0,400.43333333333334,0.5333333333333333,29.863952160311403
content_0a9b787d28fc695c,client_23a62021009f63c4,1.0,354.6666666666667,0.4666666666666667,47.62909547356073
content_1612bddc993ce606,client_23a62021009f63c4,1.0,224.63333333333333,0.5333333333333333,31.30841168743973
content_7d84d03d19e31a18,client_23a62021009f63c4,1.0,105.73333333333333,1.0333333333333334,25.497277595294786
content_baa9fbd6f85913dc,client_23a62021009f63c4,1.0,128.26666666666668,0.5666666666666667,23.355236239435726
content_97c26f35e467290c,client_23a62021009f63c4,1.0,174.5,0.16666666666666666,38.159507278924075
content_a72c78749afcd694,client_23a62021009f63c4,1.0,190.26666666666668,0.43333333333333335,45.65529410260815
content_65a51cc7f1b9d118,client_23a62021009f63c4,1.0,190.23333333333332,0.7,24.56158517436257
content_b21959ccb8d7ff8c,client_e547b89c05043229,1.0,196.86666666666667,1.0,17.641999385586452
content_5a5ec7c270d641dc,client_23a62021009f63c4,1.0,179.2,0.6,26.83815160439154
content_b51957d7f4abe47e,client_23a62021009f63c4,1.0,633.1,0.8666666666666667,25.16683272615006
content_9de1aa5be5977058,client_23a62021009f63c4,1.0,523.8,0.7333333333333333,42.697469417091575
content_cae701a83cad5e36,client_23a62021009f63c4,1.0,161.7,0.13333333333333333,26.002717623845083
content_84085cdb32b8963d,client_23a62021009f63c4,1.0,112.66666666666667,0.6333333333333333,18.145893540208192
content_cd33c3f6ef059886,client_e547b89c05043229,1.0,196.93333333333334,1.2,28.18723445485967
content_afdcdc6879ff4524,client_23a62021009f63c4,1.0,258.1666666666667,0.6333333333333333,19.397313965775975
content_628d0004ef679eeb,client_23a62021009f63c4,1.0,194.13333333333333,0.8666666666666667,20.69758926680974
content_099575915bd03772,client_23a62021009f63c4,1.0,178.66666666666666,0.3,37.24706172716033
content_a4afeeb4653a32d6,client_23a62021009f63c4,1.0,129.63333333333333,0.4666666666666667,29.977926720988293
content_a423282ec276d8ca,client_23a62021009f63c4,1.0,348.53333333333336,0.4,32.0986687263191
content_be78b81a87132000,client_23a62021009f63c4,1.0,105.4,1.7333333333333334,15.40479539927095
content_9607ca80433847f8,client_e547b89c05043229,1.0,405.06666666666666,0.6,25.44808756119841
content_b8f261beb3369d71,client_23a62021009f63c4,1.0,181.2,0.6666666666666666,34.18090970236173
content_a5a646d777d852e9,client_23a62021009f63c4,1.0,113.03333333333333,0.3333333333333333,35.98753589413004
content_b875a2f306635a58,client_23a62021009f63c4,1.0,565.0333333333333,0.36666666666666664,33.40413635861689
content_2c99eae4e0785fad,client_23a62021009f63c4,1.0,102.16666666666667,0.3333333333333333,24.601192535335592
content_e2cd9057e19487ed,client_23a62021009f63c4,1.0,216.16666666666666,0.7666666666666667,31.777844158675734
content_e29d85137a43e84b,client_23a62021009f63c4,1.0,347.0,1.4,22.409973583566394
content_14632af525c53327,client_23a62021009f63c4,1.0,262.1333333333333,0.43333333333333335,33.86605796885379
content_b511951068f01fca,client_23a62021009f63c4,1.0,168.23333333333332,0.6333333333333333,25.93932323300302
content_5a3836ce210afdc3,client_23a62021009f63c4,1.0,402.8666666666667,0.9333333333333333,21.96715349229766
content_2f09787bdf392b16,client_23a62021009f63c4,1.0,327.1666666666667,0.3,23.666513515695183
content_eee5eadea68bfec6,client_e547b89c05043229,1.0,132.3,1.1,17.16157721358314
content_44475603a9fb48df,client_23a62021009f63c4,1.0,112.83333333333333,0.23333333333333334,40.324234022568724
content_a97488d6a9d0ceff,client_23a62021009f63c4,1.0,180.43333333333334,0.6333333333333333,21.608331683098868
content_23198d074417f3a7,client_23a62021009f63c4,1.0,127.76666666666667,0.7,22.44720958485497
content_39adf32bbd0d8154,client_23a62021009f63c4,1.0,102.16666666666667,0.23333333333333334,26.90968949452036
content_5ab47eb255a4c0e2,client_23a62021009f63c4,1.0,536.7333333333333,2.566666666666667,17.832038439378696
content_5bbe7185e1c81d85,client_23a62021009f63c4,1.0,147.8,0.3333333333333333,40.87436247973096
content_e2057b535934ae2f,client_23a62021009f63c4,1.0,164.56666666666666,1.2333333333333334,17.927282608996666
content_1f624e6e16a2df8c,client_23a62021009f63c4,1.0,519.0333333333333,0.7333333333333333,24.84174306737585
content_a92f8cbd27e7a448,client_23a62021009f63c4,1.0,166.13333333333333,0.16666666666666666,19.521137306648985
content_b65424ce1f846513,client_23a62021009f63c4,1.0,227.7,0.9333333333333333,26.68269804070614
content_1cc62b8329ddb23a,client_23a62021009f63c4,1.0,121.5,0.8,18.09428149081462
content_544231f43dc498bb,client_23a62021009f63c4,1.0,137.43333333333334,0.3,36.81568278171437
content_f4d87403273d1d9f,client_23a62021009f63c4,1.0,146.3,0.4,34.60810736745157
content_35a131a302fa300c,client_23a62021009f63c4,1.0,109.13333333333334,0.3,20.93295682301248
content_696c74449794dbb8,client_e5c2aa26a8598242,1.0,114.06666666666666,0.5,31.216001002127374
content_3f98691a7d66152d,client_23a62021009f63c4,1.0,109.63333333333334,0.36666666666666664,41.25240500672475
content_72c6e5db0af7c986,client_23a62021009f63c4,1.0,174.06666666666666,0.5,38.777484149725325
content_6895f872a52b26ee,client_23a62021009f63c4,1.0,147.9,0.1,37.06860695146482
content_0ca0363d31ec62c3,client_e547b89c05043229,1.0,191.06666666666666,1.1333333333333333,25.998552943371077
content_079d88c7b3f44857,client_23a62021009f63c4,1.0,250.76666666666668,0.7,16.022436175931517
content_afbd676d479ac9df,client_23a62021009f63c4,1.0,108.63333333333334,0.5,16.929109286161477
content_58e5167e4c93de3e,client_23a62021009f63c4,1.0,788.5666666666667,0.5,23.632769015208087
content_f64de78f12fd2050,client_e547b89c05043229,1.0,671.8,0.6666666666666666,16.738123879646402
content_2ac318b690824525,client_23a62021009f63c4,1.0,228.7,1.6333333333333333,17.215003276723294
content_0b998aa2a6b537b7,client_23a62021009f63c4,1.0,127.06666666666666,0.6333333333333333,17.89834565172145
content_7e53813b868da196,client_23a62021009f63c4,1.0,123.26666666666667,0.23333333333333334,27.49498483875168
content_e568fd9eb23f4c26,client_e547b89c05043229,1.0,251.0,0.4,21.22210247322936
content_d4704f0c5af9575b,client_23a62021009f63c4,1.0,209.63333333333333,0.7,33.26036013634154
content_3d48b883ddf4c606,client_23a62021009f63c4,1.0,154.23333333333332,0.6,27.030760944897136
content_a8b4c55cb8973216,client_e547b89c05043229,1.0,108.16666666666667,0.4,31.944297636968894
content_14042d9de85679e6,client_23a62021009f63c4,1.0,131.66666666666666,0.8,17.966445917180234
content_8c16bdac48bf7b56,client_23a62021009f63c4,1.0,512.3333333333334,0.5666666666666667,44.56680403593761
content_6d64d4bd693b5fc8,client_23a62021009f63c4,1.0,191.9,0.9333333333333333,38.180669550749926
content_603460daeefa793a,client_23a62021009f63c4,1.0,209.16666666666666,0.36666666666666664,33.77648076426052
content_2eecb7dc09096daf,client_23a62021009f63c4,1.0,189.66666666666666,0.13333333333333333,16.81633010273973
content_4e77aaa99cfb18d4,client_23a62021009f63c4,1.0,338.1333333333333,0.6,17.67770908222804
content_df3570b456179f33,client_23a62021009f63c4,1.0,150.66666666666666,0.36666666666666664,27.859096342965184
content_908745cc63438da1,client_23a62021009f63c4,1.0,104.96666666666667,0.3,16.44111545482123
content_3bfe994921f5a829,client_23a62021009f63c4,1.0,250.83333333333334,0.43333333333333335,19.91619197460217
content_5c47a6ce68ddd354,client_23a62021009f63c4,1.0,134.5,1.0666666666666667,22.720664608433005
content_ac9144062f5cc83f,client_23a62021009f63c4,1.0,226.96666666666667,0.5,37.30403916686815
content_f4766ce64be49d9c,client_23a62021009f63c4,1.0,440.3666666666667,0.8,29.071259024196767
content_cb35c5cd43ee17d2,client_23a62021009f63c4,1.0,432.06666666666666,0.8,32.01519101632593
content_12e9a06b1b6041af,client_23a62021009f63c4,1.0,156.6,0.3,34.41712340753505
content_23b8547eb4f16144,client_e547b89c05043229,1.0,127.33333333333333,0.26666666666666666,33.31370481168211
content_05227327f600455b,client_23a62021009f63c4,1.0,124.56666666666666,0.43333333333333335,44.09637930646072
content_62590ec968cf1f0f,client_23a62021009f63c4,1.0,148.3,0.6666666666666666,17.757042250827013
content_a56f7276f2af5224,client_23a62021009f63c4,1.0,114.9,0.43333333333333335,15.94706491030292
content_23b2adfd9dfe80b5,client_23a62021009f63c4,1.0,372.46666666666664,1.8666666666666667,19.479720480833034
content_497f88ac02fd32d9,client_23a62021009f63c4,1.0,261.8,0.26666666666666666,39.10817256029679
content_39a6426910b2fcd4,client_23a62021009f63c4,1.0,223.46666666666667,0.5666666666666667,25.78633272655965
content_4a31dd748ab4f1c4,client_23a62021009f63c4,1.0,140.7,0.6,38.35747181446838
content_f32eebdba6f972f6,client_23a62021009f63c4,1.0,126.0,0.7,16.516177518792148
content_13b6ca6aad58bc5d,client_23a62021009f63c4,1.0,693.8,1.0,21.941231152972264
content_884c1858174d0110,client_23a62021009f63c4,1.0,225.86666666666667,0.36666666666666664,28.685462056658707
content_cbf2a806c815ddd1,client_23a62021009f63c4,1.0,124.33333333333333,0.23333333333333334,26.32130386003082
content_2667bfbcf35a01f3,client_23a62021009f63c4,1.0,138.1,0.6666666666666666,19.346334666219718
content_a8f9a19bbbed6025,client_23a62021009f63c4,1.0,159.1,0.6,18.109097448915115
content_fe313ca2e623b461,client_23a62021009f63c4,1.0,118.9,0.43333333333333335,17.416216386794805
content_edec83473536d1fa,client_23a62021009f63c4,1.0,109.36666666666666,0.3,30.569865175861803
content_567d370cf1fdbd1d,client_e5c2aa26a8598242,1.0,103.06666666666666,0.3,24.91215735586024
content_80072353eb0ad4e7,client_23a62021009f63c4,1.0,264.2,0.5333333333333333,31.247241121979073
content_495977a8dc72ea62,client_23a62021009f63c4,1.0,247.6,0.6333333333333333,28.669914351363083
content_81c23467d52428fd,client_23a62021009f63c4,1.0,217.9,0.3,39.85402913031319
content_5a65790486b1a940,client_e547b89c05043229,1.0,102.4,0.5,17.139881875079592
content_ca27926935d855f0,client_23a62021009f63c4,1.0,160.0,0.4666666666666667,20.051231224748985
content_cc89399775fd086c,client_23a62021009f63c4,1.0,104.43333333333334,0.4666666666666667,16.691075406020694
content_08413376e5939510,client_23a62021009f63c4,1.0,102.7,0.43333333333333335,20.1492324116873
content_92a28d2e90254afa,client_23a62021009f63c4,1.0,434.03333333333336,0.7,28.84288682234448
content_3b772e8fc5c5363e,client_23a62021009f63c4,1.0,224.76666666666668,1.0,30.388554041665273
content_e16985888e9097a5,client_23a62021009f63c4,1.0,184.0,0.13333333333333333,34.565104333914846
content_6f95f8f45b4d940c,client_23a62021009f63c4,1.0,172.6,0.13333333333333333,37.93587374046033
content_4a29204ae5e6d935,client_23a62021009f63c4,1.0,108.4,0.4,25.05133440808166
content_30237873903227c7,client_23a62021009f63c4,1.0,117.9,0.9333333333333333,17.70007090318953
content_d3454a1fe48e2300,client_23a62021009f63c4,1.0,650.5333333333333,1.3333333333333333,16.197632276876643
content_6c05f01033670833,client_23a62021009f63c4,1.0,108.83333333333333,0.5333333333333333,21.07095347808299
content_73b75a4623890cb8,client_23a62021009f63c4,1.0,597.4333333333333,1.5666666666666667,25.275974682516168
content_bdfe67aa0c7a8a40,client_23a62021009f63c4,1.0,179.03333333333333,0.13333333333333333,25.460570143480247
content_c9833601140eb440,client_23a62021009f63c4,1.0,409.46666666666664,1.3,16.97877471203015
content_af2407fb5b27b82d,client_23a62021009f63c4,1.0,450.3,1.3666666666666667,26.918312651829737
content_c1a1d455db5995a3,client_23a62021009f63c4,1.0,156.33333333333334,0.06666666666666667,28.517771632761242
content_abf9fa911abc9a93,client_23a62021009f63c4,1.0,127.9,0.23333333333333334,39.21463399776078
content_68ee80de538517db,client_23a62021009f63c4,1.0,601.1666666666666,1.0333333333333334,25.279354004120762
content_71b0e6fdc1bdafca,client_23a62021009f63c4,1.0,227.63333333333333,0.16666666666666666,18.244962823354367
content_ebdc019c8bde53a4,client_23a62021009f63c4,1.0,203.9,0.23333333333333334,35.08502160063862
content_13bbfc7e0f401f59,client_23a62021009f63c4,1.0,131.6,1.3333333333333333,22.94956571332783
content_17ad420803345d2b,client_23a62021009f63c4,1.0,103.73333333333333,0.6333333333333333,30.199392884855857
content_3d356fcc8bcdc6c7,client_23a62021009f63c4,1.0,177.16666666666666,0.36666666666666664,33.169594425563204
content_3aa947878dd90ac1,client_23a62021009f63c4,1.0,175.93333333333334,0.8333333333333334,16.185947552017566
content_6a00ff20cb9f0dc2,client_23a62021009f63c4,1.0,675.2666666666667,1.6,25.443527738670472
content_5c3d15008665f4a7,client_23a62021009f63c4,1.0,156.1,0.5666666666666667,16.317729286378263
content_a3b985d3ee8a219b,client_23a62021009f63c4,1.0,853.3333333333334,1.3,22.163279137959957
content_78e4f265b3ff2f40,client_23a62021009f63c4,1.0,147.93333333333334,0.3,29.3301853364962
content_96b7f1d5f7c0c374,client_23a62021009f63c4,1.0,363.46666666666664,0.16666666666666666,43.42136366368698
content_cac0f8d78c2c7fd8,client_23a62021009f63c4,1.0,511.8,1.6333333333333333,16.9042321407215
content_1df00c7789a0adcc,client_23a62021009f63c4,1.0,388.23333333333335,1.1,27.52378412900129
content_8897f257c1f7454b,client_23a62021009f63c4,1.0,166.56666666666666,0.26666666666666666,40.332339599139736
content_f7cf7b41b70bc4e5,client_23a62021009f63c4,1.0,115.76666666666667,0.3,21.415898700698715
content_68ffc95c19f61219,client_23a62021009f63c4,1.0,3258.0,0.5,24.407207532559884
content_6da8058ce579ba72,client_23a62021009f63c4,1.0,106.66666666666667,0.5666666666666667,20.149799588816695
content_99c1a74227d7a912,client_23a62021009f63c4,1.0,237.16666666666666,0.7333333333333333,22.751856366633287
content_5d1667b96cd41cf6,client_23a62021009f63c4,1.0,106.06666666666666,0.6,29.17332861876116
content_d3ee37d535aeb6ae,client_23a62021009f63c4,1.0,231.63333333333333,0.2,32.17107373019565
content_ce2fe1e6ef472a3e,client_23a62021009f63c4,1.0,159.66666666666666,0.26666666666666666,32.51520833576653
content_0198cdd755fa7a52,client_23a62021009f63c4,1.0,586.8,2.533333333333333,20.20484231481994
content_d914473b4c129035,client_23a62021009f63c4,1.0,101.93333333333334,0.13333333333333333,17.74596845109854
content_44f34c0a90047651,client_23a62021009f63c4,1.0,916.8666666666667,0.4,15.173893878895438
content_8e5a4310a2c22c2b,client_23a62021009f63c4,1.0,315.23333333333335,0.5333333333333333,18.51771361171559
content_cafaa88102a920d3,client_23a62021009f63c4,1.0,109.43333333333334,0.9,20.322278582659898
content_f61fccfcc544241d,client_23a62021009f63c4,1.0,408.7,0.4,24.83941964017709
content_7586b4f204a4942e,client_23a62021009f63c4,1.0,161.36666666666667,1.1,15.481776708988605
content_9402307625a19ca8,client_23a62021009f63c4,1.0,134.13333333333333,0.23333333333333334,16.776983324254413
content_f952aa4d918f7307,client_20259bd6705d81d4,1.0,838.7666666666667,1.3,23.779890066720146
content_2ff4f5d769fa9739,client_23a62021009f63c4,1.0,167.26666666666668,0.3,37.294875049137744
content_982fec54331adebb,client_23a62021009f63c4,1.0,108.23333333333333,0.5333333333333333,33.913407018210705
content_07d1342372255c1f,client_23a62021009f63c4,1.0,173.9,0.23333333333333334,45.64784204672853
content_29f5e50e09be063b,client_23a62021009f63c4,1.0,120.4,0.3,18.055209299076285
content_87d6d61b8bde7bf8,client_23a62021009f63c4,1.0,134.83333333333334,0.7666666666666667,15.572521312813933
content_240eda5856b91bef,client_e547b89c05043229,1.0,215.66666666666666,0.4,32.768832172253134
content_696334551916023d,client_23a62021009f63c4,1.0,119.43333333333334,0.3333333333333333,40.66976864015094
content_5b72aa853092bcdb,client_23a62021009f63c4,1.0,126.36666666666666,0.6,30.69155257266843
content_fcd637c7229d1e3c,client_23a62021009f63c4,1.0,301.56666666666666,0.4,27.75238002046895
content_cea4a92354a54d48,client_23a62021009f63c4,1.0,183.0,0.6,24.900146910081734
content_5857dfb5216f7a5c,client_23a62021009f63c4,1.0,110.1,0.23333333333333334,18.10275228175572
content_208f9a1ed5e4acf1,client_23a62021009f63c4,1.0,135.16666666666666,0.5,18.109123768323215
content_c6af504827af2c8b,client_23a62021009f63c4,1.0,234.23333333333332,0.3333333333333333,33.71206878273633
content_e5f14d25d272aca6,client_23a62021009f63c4,1.0,142.7,0.3,24.974011875590236
content_55ce797653e8e95a,client_23a62021009f63c4,1.0,324.1,0.3333333333333333,25.263161408265066
content_1041e9276958a9b8,client_23a62021009f63c4,1.0,151.76666666666668,0.26666666666666666,24.773125907792853
content_6dccd3fe1717bef7,client_23a62021009f63c4,1.0,168.13333333333333,0.5666666666666667,33.52761167872366
content_67248f687f48e3d7,client_23a62021009f63c4,1.0,104.16666666666667,0.6333333333333333,30.949056169281352
content_c3578f4f6181c912,client_a80fca3f171ed1de,1.0,231.86666666666667,0.4666666666666667,17.73273164854535
content_8c4622074b4ee03e,client_e5c2aa26a8598242,1.0,254.0,0.5333333333333333,29.470447923369033
content_344d6f0ec119cce6,client_23a62021009f63c4,1.0,199.8,0.8666666666666667,28.02844015808029
content_a0bae93aa4d1ef29,client_23a62021009f63c4,1.0,195.1,0.4666666666666667,17.256407841274974
content_773fb2b433e5a882,client_23a62021009f63c4,1.0,331.5,0.5333333333333333,17.110100772949064
content_c6239977c9b31657,client_23a62021009f63c4,1.0,109.73333333333333,0.7666666666666667,17.007222439213482
content_46a855108e57d2e4,client_23a62021009f63c4,1.0,174.23333333333332,0.7666666666666667,16.16874078223295
content_46e7bf6f00c66230,client_23a62021009f63c4,1.0,295.73333333333335,1.9333333333333333,20.739633744870435
content_5cf3b542597ddc70,client_23a62021009f63c4,1.0,334.46666666666664,0.7666666666666667,36.275197515873316
content_f991035b5853e4ba,client_23a62021009f63c4,1.0,230.8,0.7666666666666667,15.051800892592134
content_86c96002dd5c69aa,client_23a62021009f63c4,1.0,645.6666666666666,0.3333333333333333,41.3752441750732
content_80512436902d619f,client_23a62021009f63c4,1.0,324.3,0.6,22.63238847774097
content_000ff3abcd61db63,client_23a62021009f63c4,1.0,129.1,0.23333333333333334,17.424336546575148
content_856675d59b880ad4,client_23a62021009f63c4,1.0,118.06666666666666,0.16666666666666666,39.78209523299194
content_9a994d684e985d4c,client_23a62021009f63c4,1.0,160.13333333333333,0.8333333333333334,29.876713795536197
content_ff8fe1c125ac65cf,client_23a62021009f63c4,1.0,108.3,0.3,25.284456697438713
content_e8d0870c3839c7f4,client_23a62021009f63c4,1.0,120.43333333333334,0.5666666666666667,18.456983682254176
content_1ae5eb3539e7ad9e,client_23a62021009f63c4,1.0,273.3666666666667,0.23333333333333334,40.171937659550274
content_a1216295ab0c5b21,client_23a62021009f63c4,1.0,1042.8333333333333,1.2,31.44085832158697
content_8675e3eb9d47bae5,client_23a62021009f63c4,1.0,120.86666666666666,0.16666666666666666,18.313245442883126
content_fa727ef063f9b000,client_23a62021009f63c4,1.0,140.1,0.8333333333333334,22.72214868905952
content_94fe8d24ab51f590,client_23a62021009f63c4,1.0,110.66666666666667,0.4,36.28550787430661
content_4362017ddb711955,client_23a62021009f63c4,1.0,167.7,0.36666666666666664,31.057182271190587
content_031f731fbc9a7413,client_23a62021009f63c4,1.0,167.7,1.2333333333333334,19.37004900492737
content_0dbbc9091188d4e8,client_23a62021009f63c4,1.0,172.43333333333334,1.0333333333333334,18.817252467216672
content_278b41e9530ae19d,client_23a62021009f63c4,1.0,204.96666666666667,1.3,31.89679986635789
content_453969f4685083a9,client_23a62021009f63c4,1.0,154.9,0.7333333333333333,33.13956080255132
content_4a7b90e519b3bdc1,client_fef1a8f436438636,1.0,131.43333333333334,0.5,19.388414194756518
content_95f2c3520e0dc351,client_23a62021009f63c4,1.0,122.26666666666667,0.16666666666666666,19.248158490633607
content_f7213a4eb617f06c,client_23a62021009f63c4,1.0,252.83333333333334,0.7666666666666667,34.05067798261373
content_51658810a123a162,client_23a62021009f63c4,1.0,124.63333333333334,0.5333333333333333,17.805090848006046
content_35c533b1303a031b,client_23a62021009f63c4,1.0,660.1333333333333,0.6,24.240699577181847
content_4038a29667eca2cc,client_23a62021009f63c4,1.0,1031.7,1.1333333333333333,22.87937181496974
content_e43566008481396a,client_23a62021009f63c4,1.0,102.43333333333334,0.13333333333333333,16.483898255883783
content_ebfce883960ea6b2,client_23a62021009f63c4,1.0,209.8,0.43333333333333335,25.865866146557273
content_c69ec04764885fe5,client_e547b89c05043229,1.0,330.1666666666667,0.36666666666666664,32.258661254445045
content_1571fa019904baaa,client_23a62021009f63c4,1.0,112.73333333333333,0.36666666666666664,21.48693796926026
content_66288edeb93b7c4f,client_23a62021009f63c4,1.0,129.53333333333333,0.3,30.015286707935374
content_6e7c29c1bd929f11,client_23a62021009f63c4,1.0,149.33333333333334,0.4,26.374663559138227
content_557a31d48101269e,client_23a62021009f63c4,1.0,122.5,0.3333333333333333,26.297850998860717
content_c031095fc2e2c328,client_23a62021009f63c4,1.0,105.56666666666666,0.3333333333333333,27.481970019835465
content_a3490d67ae950023,client_23a62021009f63c4,1.0,157.66666666666666,0.6666666666666666,18.979629691932544
content_988bc3af85c0f3ca,client_23a62021009f63c4,1.0,120.16666666666667,0.4666666666666667,33.89840493118773
content_162f9cc5c17a8bea,client_23a62021009f63c4,1.0,274.53333333333336,1.6333333333333333,20.983986140433043
content_1f0c056611404062,client_23a62021009f63c4,1.0,254.2,0.5666666666666667,26.536511906156292
content_35868bbe5afbce53,client_23a62021009f63c4,1.0,176.26666666666668,0.43333333333333335,19.245145416253404
content_6a384677b74f6e6b,client_23a62021009f63c4,1.0,478.8,1.0333333333333334,24.973356030068853
content_17e4dcd2ece6385d,client_23a62021009f63c4,1.0,564.3666666666667,0.23333333333333334,18.026478693547393
content_dc59551c58cd07ce,client_e547b89c05043229,1.0,189.06666666666666,0.1,19.904735015503867
content_4310a90c38bdd4f1,client_23a62021009f63c4,1.0,143.2,0.16666666666666666,18.31834339888751
content_2690f62f39fb14fe,client_23a62021009f63c4,1.0,1428.3,2.1,21.34091070028706
content_2e76021cede33d42,client_23a62021009f63c4,1.0,354.23333333333335,0.8,29.067218697511407
content_b14aece009cfe562,client_23a62021009f63c4,1.0,181.43333333333334,0.6666666666666666,31.735731277767453
content_21eb0f59c7f861e1,client_23a62021009f63c4,1.0,243.6,0.23333333333333334,18.9830317521629
content_e34d12fef034dc00,client_23a62021009f63c4,1.0,264.2,0.4,26.205535771129938
content_74fa6cf3efd2c451,client_23a62021009f63c4,1.0,134.0,0.6333333333333333,22.161108903835256
content_b6ff22a96a1da4b8,client_23a62021009f63c4,1.0,151.26666666666668,0.13333333333333333,15.472987956924515
content_4c7a62d5e964bab4,client_23a62021009f63c4,1.0,318.0,1.2,20.19886584699379
content_54e85b48cda857c9,client_23a62021009f63c4,1.0,182.86666666666667,0.3333333333333333,39.739214617008265
content_41bd5b5254f53ab9,client_23a62021009f63c4,1.0,216.83333333333334,0.5333333333333333,18.884798123753473
content_87bae25b5d6f17f7,client_23a62021009f63c4,1.0,108.33333333333333,0.36666666666666664,23.833613133429374
content_d11978c74f4e768b,client_23a62021009f63c4,1.0,364.2,1.1,31.257564518250334
content_4889078a4e2655ff,client_23a62021009f63c4,1.0,165.63333333333333,0.6666666666666666,24.124750612874912
content_67b723ed64032890,client_23a62021009f63c4,1.0,140.76666666666668,0.7666666666666667,26.5777628287371
content_e960ffd9f0d0fc24,client_23a62021009f63c4,1.0,129.86666666666667,0.26666666666666666,15.87922459048575
content_13465a553f690ab8,client_23a62021009f63c4,1.0,113.3,0.4,19.963174893899645
content_6c31862c99b2f33f,client_23a62021009f63c4,1.0,214.6,1.4333333333333333,22.00742696639948
content_c23dd34230356982,client_23a62021009f63c4,1.0,129.0,0.5666666666666667,23.29278683990666
content_774bfb5f008d2920,client_23a62021009f63c4,1.0,107.66666666666667,0.6666666666666666,26.16488014999429
content_ef15d914686367c8,client_23a62021009f63c4,1.0,263.8666666666667,0.3333333333333333,19.596874203076467
content_2132c076a330ee70,client_23a62021009f63c4,1.0,106.1,0.13333333333333333,48.68324824937772
content_50b3f14cd04b531b,client_23a62021009f63c4,1.0,393.7,1.0,34.38670589438612
content_4002467a580a7f98,client_e547b89c05043229,1.0,127.8,0.2,29.545629252869798
content_e8be016907340387,client_23a62021009f63c4,1.0,134.3,0.26666666666666666,25.964295103123387
content_e56c5a249e185098,client_23a62021009f63c4,1.0,110.36666666666666,0.26666666666666666,38.122052162154134
content_0f348e4566204d50,client_23a62021009f63c4,1.0,153.2,0.3333333333333333,34.80978008536867
content_dca0aeb5d0ae5a17,client_23a62021009f63c4,1.0,167.83333333333334,0.4,16.291832679014625
content_bb60f01833459fdd,client_23a62021009f63c4,1.0,161.23333333333332,0.6333333333333333,17.95805872709466
content_71764713640d5864,client_23a62021009f63c4,1.0,191.56666666666666,0.4666666666666667,39.595773698994726
content_d4c9e337a39635fe,client_23a62021009f63c4,1.0,127.5,1.0333333333333334,19.846961471328026
content_91dfa47e02a0a1f1,client_23a62021009f63c4,1.0,260.46666666666664,0.3333333333333333,27.389865295693433
content_1b433dacd951eb76,client_23a62021009f63c4,1.0,163.36666666666667,0.43333333333333335,30.156054534603143
content_ddbb0c32bc82ee08,client_23a62021009f63c4,1.0,115.73333333333333,0.4,22.834659659702492
content_e80f02bc33ce0922,client_23a62021009f63c4,1.0,106.26666666666667,0.36666666666666664,42.401644844111146
content_d5f8d5e26d5b65e4,client_23a62021009f63c4,1.0,150.76666666666668,0.9333333333333333,23.661895350379982
content_9bf441b03a0be475,client_23a62021009f63c4,1.0,117.46666666666667,0.16666666666666666,36.251115255466665
content_dafc6d24b5776808,client_23a62021009f63c4,1.0,155.7,0.3333333333333333,16.283620448158135
content_dfafd087b1c57fe8,client_23a62021009f63c4,1.0,128.2,0.3,34.31935637570426
content_85746ceb9bbb368f,client_23a62021009f63c4,1.0,102.1,0.26666666666666666,32.318672338986154
content_cd58e78da843fdb2,client_73cda7b4e4f265ea,1.0,153.3,1.2333333333333334,19.435491418914356
content_6e25f90bc66cfa9d,client_23a62021009f63c4,1.0,429.73333333333335,1.3666666666666667,29.125475812470132
content_5cb6954d55ffdbd2,client_23a62021009f63c4,1.0,130.13333333333333,0.5666666666666667,19.853066847744905
content_394a37814ff57783,client_23a62021009f63c4,1.0,257.3333333333333,0.4666666666666667,33.40758999893985
content_b06467eabd402189,client_23a62021009f63c4,1.0,434.46666666666664,1.8,15.757396299404634
content_bdf60c86117079be,client_23a62021009f63c4,1.0,575.3333333333334,0.6666666666666666,38.545781523154034
content_849681fdd8713042,client_23a62021009f63c4,1.0,112.66666666666667,0.16666666666666666,18.498894656914267
content_8528fc63c98095eb,client_23a62021009f63c4,1.0,116.43333333333334,0.26666666666666666,17.680966308601
content_b5ffda394914c9d6,client_23a62021009f63c4,1.0,108.03333333333333,0.5,29.17758091764916
content_8db767637e9b1a27,client_23a62021009f63c4,1.0,116.06666666666666,0.43333333333333335,22.825387233718907
content_309eebc1240dad4b,client_23a62021009f63c4,1.0,115.5,0.5,21.347620392917353
content_3059c7007e1282b1,client_23a62021009f63c4,1.0,134.26666666666668,0.36666666666666664,19.111916406138466
content_bf374af275f5b02a,client_23a62021009f63c4,1.0,120.6,0.4,29.972945649602
content_9c267e93694b0a37,client_23a62021009f63c4,1.0,134.4,0.16666666666666666,34.66684970089717
content_58cbfe1eec8a881e,client_23a62021009f63c4,1.0,334.76666666666665,0.3333333333333333,40.5173404541302
content_9913f884fe5c2cb8,client_23a62021009f63c4,1.0,127.63333333333334,0.13333333333333333,24.879549085524083
content_f640434991b62c7c,client_23a62021009f63c4,1.0,244.03333333333333,0.26666666666666666,38.942034596410515
content_d4466469ab7d8713,client_23a62021009f63c4,1.0,218.3,0.4,29.18128745362027
content_8f6d13a65c9818f6,client_23a62021009f63c4,1.0,126.16666666666667,0.4,22.696689906598976
content_572c5c31bd072fe6,client_23a62021009f63c4,1.0,320.6666666666667,0.5666666666666667,24.28977359023736
content_85e3a69296050038,client_23a62021009f63c4,1.0,163.93333333333334,0.43333333333333335,23.838911197611832
content_0ace2afdbc05a828,client_23a62021009f63c4,1.0,108.66666666666667,0.36666666666666664,22.868253957766626
content_0ff3a88cdc51c99a,client_23a62021009f63c4,1.0,114.43333333333334,0.3333333333333333,19.70782774245475
content_87a2f0e1c265afaa,client_23a62021009f63c4,1.0,168.43333333333334,0.26666666666666666,16.29113283228203
content_3815064b974fcf83,client_23a62021009f63c4,1.0,334.03333333333336,0.5333333333333333,25.670900720299834
content_89cd22d607e147fe,client_23a62021009f63c4,1.0,103.46666666666667,0.8666666666666667,23.24684704158461
content_db2db1a41dabcad2,client_23a62021009f63c4,1.0,146.93333333333334,1.2,28.697011863218943
content_fe7321017e85c4c1,client_23a62021009f63c4,1.0,235.66666666666666,1.3,15.253715800229243
content_2394ff397b9547fe,client_23a62021009f63c4,1.0,211.1,0.26666666666666666,32.21558617499725
content_c03d7870d4b8ec7d,client_23a62021009f63c4,1.0,183.66666666666666,0.13333333333333333,15.341103588369823
content_49cf32b1eda68889,client_8ddc46da5414ffd8,1.0,265.96666666666664,1.1666666666666667,20.826691610552363
content_0d99cd7c80aea151,client_23a62021009f63c4,1.0,259.3,1.2,17.715170486875014
content_2142857f29c91e32,client_23a62021009f63c4,1.0,119.06666666666666,0.43333333333333335,18.949416775421113
content_3240e96b9a0da4f7,client_23a62021009f63c4,1.0,232.2,0.7333333333333333,34.24471899723432
content_e5c5b6636e48069b,client_23a62021009f63c4,1.0,261.46666666666664,0.43333333333333335,32.43884276044537
content_9125e0c87906544a,client_23a62021009f63c4,1.0,158.53333333333333,0.7666666666666667,24.683029649034204
content_d9d1c4a8b277f796,client_23a62021009f63c4,1.0,132.56666666666666,0.3,26.034708726768045
content_191eb7392db66e7a,client_e547b89c05043229,1.0,119.4,0.3,22.843618023851242
content_10eca93c445d4d43,client_23a62021009f63c4,1.0,122.16666666666667,0.36666666666666664,33.7393428572112
content_3029dca1838db578,client_23a62021009f63c4,1.0,105.16666666666667,0.43333333333333335,15.776070122818199
content_e87fc4e2ce29c692,client_23a62021009f63c4,1.0,216.76666666666668,0.7333333333333333,23.307888238576044
content_0161abfca8c5a51c,client_23a62021009f63c4,1.0,117.13333333333334,0.5,26.82046044083444
content_552bf851ac581d5c,client_23a62021009f63c4,1.0,216.2,1.8333333333333333,15.35771093154026
content_94fb087c08dc5c21,client_23a62021009f63c4,1.0,184.46666666666667,0.4,20.029483293393824
content_87b9c790d43001dc,client_23a62021009f63c4,1.0,833.6,1.7,25.46023958086941
content_3932a0fb6d3e4fec,client_23a62021009f63c4,1.0,217.96666666666667,0.6333333333333333,22.676821924925882
content_e13879c979816e86,client_23a62021009f63c4,1.0,374.1,0.7333333333333333,31.125247580631378
content_ae77bd1a4d49c1cd,client_23a62021009f63c4,1.0,165.4,0.16666666666666666,32.616885744369114
content_2f094ec88d7faa51,client_23a62021009f63c4,1.0,451.5,0.6,36.56663827630358
content_853533826d021c6f,client_23a62021009f63c4,1.0,189.7,0.5333333333333333,17.737055443173965
content_ae2382f9bb710b62,client_23a62021009f63c4,1.0,117.66666666666667,1.0333333333333334,20.751451116556222
content_a9b08234b90d9bb9,client_23a62021009f63c4,1.0,611.7,0.5666666666666667,31.501864184423376
content_fa84f5976d5fe3c1,client_23a62021009f63c4,1.0,338.73333333333335,2.2333333333333334,19.23001253493153
content_fd0bd9c03eff0ac5,client_23a62021009f63c4,1.0,446.9,2.1,18.240443212816633
content_985e4716668d5827,client_23a62021009f63c4,1.0,122.0,0.3333333333333333,27.17067659751278
content_170ff7c840ce49e6,client_e547b89c05043229,1.0,138.5,0.7,18.971099619414414
content_a3a1317f7c2bc3dd,client_23a62021009f63c4,1.0,327.1333333333333,0.5,20.181158279825254
content_48eb41a492b8a15d,client_23a62021009f63c4,1.0,749.9,0.9333333333333333,20.445496773721555
content_0064456ec0477189,client_23a62021009f63c4,1.0,107.4,0.13333333333333333,30.06599315288847
content_7a9b42ebfb454ccf,client_23a62021009f63c4,1.0,1054.6,1.3,25.38809236367257
content_64d24e745259c90a,client_23a62021009f63c4,1.0,310.4,0.3333333333333333,21.37086924839175
content_992f0eadc5fbd964,client_23a62021009f63c4,1.0,162.03333333333333,1.0333333333333334,15.787864125508763
content_b5f7465c6dd0d526,client_23a62021009f63c4,1.0,199.06666666666666,0.26666666666666666,44.429347597944066
content_a8024a89870ef783,client_23a62021009f63c4,1.0,423.23333333333335,0.8333333333333334,26.17644738159893
content_601538d3db57a478,client_23a62021009f63c4,1.0,106.36666666666666,0.4666666666666667,17.10480379090972
content_d137a0303fdb6714,client_23a62021009f63c4,1.0,147.2,0.9333333333333333,18.109327319461418
content_2190f8562a3ff2a6,client_23a62021009f63c4,1.0,196.1,0.9666666666666667,22.565305184337355
content_0fe345b3f2fcdba3,client_23a62021009f63c4,1.0,686.5,0.8,21.15999734965457
content_b96e59de2d8d07a7,client_23a62021009f63c4,1.0,164.73333333333332,0.4,16.158930980316374
content_2aa3c07d68224bbc,client_23a62021009f63c4,1.0,130.26666666666668,0.43333333333333335,33.542503074985596
content_0a0cdd4071a7ed1c,client_23a62021009f63c4,1.0,1133.7666666666667,2.1666666666666665,16.010343285060745
content_1b829171cdff7636,client_23a62021009f63c4,1.0,1166.0333333333333,1.3333333333333333,39.095720406406556
content_017a177d1e8fae67,client_23a62021009f63c4,1.0,158.1,1.5333333333333334,28.795486916075642
content_72f89fa8b86b10d8,client_23a62021009f63c4,1.0,212.96666666666667,0.9666666666666667,16.12877545320076
content_b20e0dd0e2da7f3e,client_23a62021009f63c4,1.0,434.96666666666664,0.8,29.129612725385595
content_3df567df87afee6a,client_23a62021009f63c4,1.0,231.6,0.5,19.472753958782757
content_bec346091ea3e9e7,client_23a62021009f63c4,1.0,395.53333333333336,0.4,18.25104650154262
content_fa3ead64d8572f1a,client_23a62021009f63c4,1.0,214.36666666666667,0.23333333333333334,31.481345887392326
content_7f25ede8f1816f00,client_86ebc2f12c01f586,1.0,115.75,1.0,50.749126373102186
content_17d913cca79e48dc,client_e547b89c05043229,1.0,381.26666666666665,0.7333333333333333,27.42624717901935
content_6dc1f2775048afb2,client_23a62021009f63c4,1.0,265.53333333333336,0.36666666666666664,33.46185298005336
content_528a52cc7c81cc34,client_23a62021009f63c4,1.0,328.4,0.43333333333333335,33.470611177995394
content_96b5b0d638c58345,client_86ebc2f12c01f586,1.0,268.3333333333333,2.6666666666666665,55.28240790251841
content_8f8e591ee7fa75ff,client_23a62021009f63c4,1.0,367.96666666666664,0.8,22.90811736295817
content_986644906297b261,client_fef1a8f436438636,1.0,224.4,0.4,16.960229382569143
content_9e0fd66417c3f40b,client_23a62021009f63c4,1.0,102.36666666666666,0.4666666666666667,19.21377926952214
content_00bf7dce46543c5a,client_23a62021009f63c4,1.0,426.06666666666666,0.6666666666666666,29.07863607675525
content_c7b2ef4790af93ae,client_23a62021009f63c4,1.0,106.4,0.8,15.101556972037956
content_2186e6ed4c59c839,client_23a62021009f63c4,1.0,207.43333333333334,0.5666666666666667,29.235358610519036
content_6f44a5b9bcf34a8c,client_23a62021009f63c4,1.0,116.13333333333334,0.3,34.49742963261449
content_ce3d3b17a442f645,client_23a62021009f63c4,1.0,264.7,0.3333333333333333,26.559761569935777
content_b74baf0cce67e0db,client_23a62021009f63c4,1.0,408.3333333333333,0.16666666666666666,30.797816657779283
content_8a4e91cb18679109,client_23a62021009f63c4,1.0,374.4,0.7,28.97001705682704
content_78a58056d24df0aa,client_23a62021009f63c4,1.0,102.5,0.23333333333333334,25.33450978429465
content_424f85a8e55df98f,client_23a62021009f63c4,1.0,154.73333333333332,0.5666666666666667,16.144928738957745
content_c622f4ba7807c4be,client_23a62021009f63c4,1.0,334.03333333333336,0.9666666666666667,18.605846646502485
content_77bd7a7e18b4551e,client_23a62021009f63c4,1.0,167.2,0.5,29.046629138483965
content_e94d49a0e107e1f1,client_23a62021009f63c4,1.0,162.7,0.26666666666666666,20.176746658597743
content_280b87749741a305,client_23a62021009f63c4,1.0,112.8,0.5333333333333333,27.241136208116888
content_56308802ad1af681,client_23a62021009f63c4,1.0,563.0333333333333,0.5666666666666667,29.950510001351905
content_0586b91cd5434063,client_23a62021009f63c4,1.0,106.2,0.4666666666666667,40.38944258595868
content_4b3c48156221bb25,client_23a62021009f63c4,1.0,157.83333333333334,1.9333333333333333,17.80412251245475
content_261411bdd25d86c4,client_23a62021009f63c4,1.0,256.8333333333333,0.43333333333333335,25.91117653613993
content_5d9f6d51c44fb857,client_23a62021009f63c4,1.0,539.1,1.8,16.756488736391233
content_b1d0022ae59b5b52,client_23a62021009f63c4,1.0,205.46666666666667,0.23333333333333334,22.001103738183147
content_13b223ca1e003058,client_23a62021009f63c4,1.0,369.76666666666665,2.1,23.429057951199148
content_5036d9d20aebf1e0,client_23a62021009f63c4,1.0,1518.4,0.7666666666666667,28.33338902797725
content_e6138b105c3fe943,client_86ebc2f12c01f586,1.0,100.53846153846153,0.9230769230769231,41.291231562747576
content_a7cc2daa02c2d84a,client_23a62021009f63c4,1.0,263.3333333333333,0.43333333333333335,23.334517182171
content_47ca651379b9e843,client_e547b89c05043229,1.0,205.26666666666668,0.16666666666666666,15.303612047196491
content_e8c8a373877086d2,client_23a62021009f63c4,1.0,249.93333333333334,0.7666666666666667,23.485473367035695
content_cbd952ce7d366c8b,client_23a62021009f63c4,1.0,387.4,0.9,33.332360456944535
content_4df3e165ede268e2,client_23a62021009f63c4,1.0,340.6,0.3333333333333333,43.86068035181344
content_d402fbbfb15ddfc8,client_23a62021009f63c4,1.0,384.8333333333333,0.3,40.17704146282608
content_521d767c852502aa,client_23a62021009f63c4,1.0,208.63333333333333,0.36666666666666664,28.64076161686586
content_b43d00187a13dead,client_23a62021009f63c4,1.0,113.8,0.8333333333333334,20.45047691382791
content_61dc30f4404d8d15,client_23a62021009f63c4,1.0,118.73333333333333,0.4666666666666667,18.650749840065444
content_d43830c5c07515b3,client_23a62021009f63c4,1.0,121.3,0.26666666666666666,25.582131006947453
content_ab55e4ffea892b32,client_e547b89c05043229,1.0,809.0333333333333,0.8666666666666667,18.295693555109725
content_1ffd9d1b858ecceb,client_23a62021009f63c4,1.0,108.2,0.16666666666666666,31.153244523843735
content_8829243c03441641,client_23a62021009f63c4,1.0,137.16666666666666,0.6333333333333333,18.210708730746507
content_b88025fbf2493889,client_23a62021009f63c4,1.0,1310.6666666666667,1.9333333333333333,26.324722574296683
content_fa3da71588177d93,client_23a62021009f63c4,1.0,706.1666666666666,0.7,42.34654951975252
content_8ad4cbf89326cfcd,client_23a62021009f63c4,1.0,108.86666666666666,0.36666666666666664,22.842742434881313
content_6020f945621d7bd5,client_23a62021009f63c4,1.0,142.16666666666666,0.8,19.903343716796282
content_3705f5b22861d294,client_23a62021009f63c4,1.0,248.5,0.13333333333333333,32.41492342336616
content_bac58b98c13f3ed1,client_23a62021009f63c4,1.0,137.96666666666667,0.4666666666666667,29.782561619682088
content_1dd6e6219c7fbf5a,client_23a62021009f63c4,1.0,347.3333333333333,1.3666666666666667,15.64503199752623
content_bd5b0d517afc88df,client_23a62021009f63c4,1.0,148.96666666666667,0.6333333333333333,17.729672351729672
content_8df0f9673f13d1ed,client_23a62021009f63c4,1.0,224.96666666666667,0.4,37.6287657604411
content_d2d08ed5a952cc2b,client_23a62021009f63c4,1.0,105.33333333333333,0.5,21.52067905095644
content_55f3b93bff67c18d,client_23a62021009f63c4,1.0,597.2,1.9666666666666666,34.28264807602823
content_a773335e748af82e,client_23a62021009f63c4,1.0,118.33333333333333,0.4,35.96415800308238
content_9f8dacba6274116a,client_23a62021009f63c4,1.0,972.4,1.7333333333333334,16.5084213154903
content_a3e411a87f706227,client_23a62021009f63c4,1.0,114.9,0.23333333333333334,19.730173337700514
content_98c418d1e291b3f0,client_2094c6eb080311d5,1.0,104.13333333333334,1.1666666666666667,17.471812482081813
content_d9de73cbf30d5d45,client_fef1a8f436438636,1.0,231.06666666666666,0.3333333333333333,18.36532427772145
content_65c75874a23fca87,client_23a62021009f63c4,1.0,765.6333333333333,0.4,30.90474084037194
content_1e622bc8c3e442c2,client_23a62021009f63c4,1.0,290.1,1.1333333333333333,19.707461300933133
content_becacd3e531b26f7,client_23a62021009f63c4,1.0,158.06666666666666,0.43333333333333335,25.22443646931515
content_fd997a11c854ea86,client_23a62021009f63c4,1.0,300.93333333333334,0.4,17.201097049670352
content_2de9a39d3482a269,client_23a62021009f63c4,1.0,310.8666666666667,0.23333333333333334,54.66615373492315
content_4ac8f3c36138605a,client_23a62021009f63c4,1.0,107.46666666666667,0.26666666666666666,24.893603587370272
content_2172f59b2c00dfa8,client_23a62021009f63c4,1.0,153.43333333333334,0.26666666666666666,32.343682144137624
content_4865a30b44096af3,client_e547b89c05043229,1.0,102.2,0.4,23.13412535741584
content_ea1b07e000821a16,client_23a62021009f63c4,1.0,268.06666666666666,0.36666666666666664,20.683024844549017
content_eede865c276fa726,client_86ebc2f12c01f586,1.0,224.25,0.875,23.791306069553762
content_15c040fbf6d2c9fa,client_23a62021009f63c4,1.0,153.6,0.4,17.207484452392624
content_1aa06f9885bdd735,client_23a62021009f63c4,1.0,345.4,0.5333333333333333,25.291394715425344
content_5f899ee30cca32c7,client_23a62021009f63c4,1.0,152.93333333333334,0.6666666666666666,28.36309717610866
content_bcf3661f08c27402,client_23a62021009f63c4,1.0,114.96666666666667,0.4,17.96273191007522
content_5d5a4c1ea3de5669,client_86ebc2f12c01f586,1.0,103.5,1.0,28.298092791067553
content_a11bd5663919f057,client_20259bd6705d81d4,1.0,102.56666666666666,0.5666666666666667,29.848808722245543
content_667ca2425a1a29e5,client_23a62021009f63c4,1.0,374.0,0.8333333333333334,33.912458694859176
content_3996cb4b8986a23f,client_23a62021009f63c4,1.0,201.26666666666668,0.9666666666666667,22.417870347751112
content_a5fa7d71683ae992,client_86ebc2f12c01f586,1.0,125.875,0.625,37.89716957164706
content_b5c6c87d9e82918e,client_23a62021009f63c4,1.0,228.9,1.1666666666666667,16.760073746437225
content_9aba85f4b6c96116,client_23a62021009f63c4,1.0,111.3,0.9,24.669855995956326
content_953cc57c0faeb4ee,client_23a62021009f63c4,1.0,191.7,0.36666666666666664,38.02717600747399
content_99e5381449ad060b,client_86ebc2f12c01f586,1.0,116.25,0.625,36.28397659879253
content_9156715965bc0d4b,client_23a62021009f63c4,1.0,133.43333333333334,0.36666666666666664,26.326441323830288
content_60dc7528ba242e65,client_e547b89c05043229,1.0,211.96666666666667,0.8333333333333334,20.956033329014165
content_8abad97e3858cb63,client_23a62021009f63c4,1.0,122.83333333333333,0.5333333333333333,30.638072349217772
content_edfe71343b066b77,client_23a62021009f63c4,1.0,184.96666666666667,0.43333333333333335,32.3204614767258
content_035ff414d8786cd9,client_e547b89c05043229,1.0,227.53333333333333,0.5,16.33663315836737
content_5366a4948bf8ebee,client_23a62021009f63c4,1.0,105.03333333333333,0.3,21.0851224002162
content_37d8fac68a8797e3,client_e5c2aa26a8598242,1.0,354.6,0.7333333333333333,37.12007162120976
content_855c020c1d733c9f,client_23a62021009f63c4,1.0,203.46666666666667,0.9666666666666667,25.206184192735623
content_f06572a7dd29e56f,client_23a62021009f63c4,1.0,156.9,0.4,40.09330950222326
content_5000f43b838552a5,client_23a62021009f63c4,1.0,293.8666666666667,0.8666666666666667,18.501158179471716
content_82f74c4af2ef2f24,client_86ebc2f12c01f586,1.0,138.0,0.625,43.974539026066694
content_6d44d045b6433302,client_23a62021009f63c4,1.0,138.96666666666667,0.5333333333333333,24.394120851343512
content_b85873e80b3bb4f6,client_23a62021009f63c4,0.99,112.93333333333334,0.3,25.064677974546118
content_c6e27a1f276d0379,client_23a62021009f63c4,0.99,114.1,0.1,25.22798523076684
content_13c6c2257fccd38b,client_e547b89c05043229,0.99,179.7,0.2,25.68758589083409
content_c971cdebce758fcb,client_23a62021009f63c4,0.99,344.3333333333333,0.4,28.3401186025547
content_117f3c98de019828,client_23a62021009f63c4,0.99,114.7,0.8,26.47898570074897
content_aefc1bb9eb16dc52,client_23a62021009f63c4,0.99,317.4,2.9,20.496628928384155
content_504427146766b4bd,client_23a62021009f63c4,0.99,251.8,0.7333333333333333,34.82351510819788
content_f6239cb784e03a74,client_23a62021009f63c4,0.99,296.3333333333333,0.4,36.7649996002982
content_0de3c34da1e61157,client_23a62021009f63c4,0.99,250.36666666666667,0.4666666666666667,34.15336836953452
content_37e9049d93de09a2,client_23a62021009f63c4,0.99,376.4,0.5,20.833111050240156
content_ecd70a1eb60c1292,client_e547b89c05043229,0.99,557.5666666666667,2.3666666666666667,16.67630065412123
content_bd06dab597846b8d,client_e547b89c05043229,0.99,156.2,0.16666666666666666,34.25501955206153
content_c9ae751271ce7301,client_23a62021009f63c4,0.99,335.8666666666667,0.4,37.63432894320087
content_71d936f3d22d255b,client_23a62021009f63c4,0.99,151.7,2.0,17.152848257030396
content_8fe845ae689a00a5,client_23a62021009f63c4,0.99,123.96666666666667,0.23333333333333334,38.01569384245788
content_68d0e46da7013a46,client_23a62021009f63c4,0.99,152.4,0.6,41.004308649130095
content_533e837a6102570b,client_20259bd6705d81d4,0.99,169.73333333333332,1.5,15.351938764262808
content_a12d89af10c7513a,client_23a62021009f63c4,0.99,292.43333333333334,0.26666666666666666,30.556116145788867
content_fc0aeb4ac36978b5,client_73cda7b4e4f265ea,0.99,139.43333333333334,0.1,16.100421215100848
content_e9357ca9d81570b9,client_23a62021009f63c4,0.99,615.1333333333333,0.9,23.10294518951142
content_d073e94c9f74678c,client_23a62021009f63c4,0.99,201.33333333333334,0.2,27.56386615536561
content_0087e2a19bca0e97,client_23a62021009f63c4,0.99,162.3,0.9666666666666667,48.12464660814278
content_232a735cc8c1e382,client_23a62021009f63c4,0.99,123.5,0.2,20.87490344021072
content_35fd68aac0b423d6,client_86ebc2f12c01f586,0.99,288.125,1.125,17.806415476446546
content_a782d7764c839cca,client_23a62021009f63c4,0.99,108.86666666666666,0.1,27.508973918588534
content_40f7a52e79d1eef6,client_23a62021009f63c4,0.99,257.8666666666667,0.9,18.654616679691042
content_4340370b21c6b0d3,client_e547b89c05043229,0.99,243.9,0.3,23.346307393418236
content_997449eb390d79b6,client_23a62021009f63c4,0.99,194.3,0.6666666666666666,21.138872740791125
content_6149c908722d33f9,client_23a62021009f63c4,0.99,240.06666666666666,0.26666666666666666,17.95623369689167
content_14ad611988c2e222,client_23a62021009f63c4,0.99,127.73333333333333,0.26666666666666666,37.914316574883514
content_b0a160c5acd1fd88,client_23a62021009f63c4,0.99,109.43333333333334,0.7666666666666667,23.92527323959952
content_80d949b8abcb2fee,client_23a62021009f63c4,0.99,115.43333333333334,0.16666666666666666,29.013403847514677
content_36106bea93ecd173,client_23a62021009f63c4,0.99,118.03333333333333,0.5333333333333333,27.603670985228337
content_c1fcbab26acf82be,client_23a62021009f63c4,0.99,302.1666666666667,1.7666666666666666,23.13266846738895
content_babc17e2785a983c,client_23a62021009f63c4,0.99,282.2,0.36666666666666664,23.750805353184735
content_33c974df52b155bb,client_23a62021009f63c4,0.99,124.6,1.0666666666666667,49.9802029805537
content_ce40b287ad4c27be,client_23a62021009f63c4,0.99,129.6,0.2,23.94210220753221
content_b45f735a253f6476,client_e547b89c05043229,0.99,248.73333333333332,0.3,22.941019767216837
content_9c26bdff74eb3e8c,client_23a62021009f63c4,0.99,110.8,0.3333333333333333,15.240339334432282
content_22f47621dfca0028,client_23a62021009f63c4,0.99,136.46666666666667,0.2,48.792847177885506
content_43a59b5d088e1830,client_86ebc2f12c01f586,0.99,115.875,0.75,21.906691375481124
content_ea7474d92d9701c3,client_23a62021009f63c4,0.99,530.2,0.8666666666666667,55.75965334021897
content_ff3836315ba56688,client_23a62021009f63c4,0.99,108.96666666666667,0.23333333333333334,28.146202135118752
content_00e13c741a80a767,client_23a62021009f63c4,0.99,816.2333333333333,0.5666666666666667,30.426821189496117
content_7460e4d333fa1afb,client_e547b89c05043229,0.99,189.13333333333333,0.26666666666666666,21.69256672734936
content_e069a5e9c7dd07ba,client_23a62021009f63c4,0.99,119.5,0.5666666666666667,30.01473268380749
content_a5f8884aa4ca41a1,client_23a62021009f63c4,0.99,102.26666666666667,0.4666666666666667,15.282766057632802
content_3258ff292106884b,client_23a62021009f63c4,0.99,267.0,0.5333333333333333,38.1352238315139
content_fb2c1cef7122724e,client_23a62021009f63c4,0.99,101.43333333333334,0.13333333333333333,28.69608150480752
content_f6c2245c6d8cdd3c,client_e547b89c05043229,0.99,131.03333333333333,0.23333333333333334,19.96911959027475
content_0d29509a61df95ba,client_23a62021009f63c4,0.99,219.13333333333333,0.36666666666666664,36.66873521274818
content_156f2dcea79c6a2b,client_23a62021009f63c4,0.99,144.26666666666668,0.8,16.37711054094372
content_8641b9ec40625049,client_23a62021009f63c4,0.99,325.5,0.8333333333333334,34.4712690170687
content_887a43c5160a12b0,client_23a62021009f63c4,0.99,168.13333333333333,0.16666666666666666,31.880858508944183
content_4bf6f2b6390919f7,client_86ebc2f12c01f586,0.99,109.5,1.75,30.754736384505996
content_0c58588a44461ab0,client_73cda7b4e4f265ea,0.99,191.03333333333333,0.7333333333333333,16.259518088364107
content_287f1a273c213081,client_e5c2aa26a8598242,0.99,228.43333333333334,1.3666666666666667,25.217469102340168
content_d9a10164a3767ca1,client_73cda7b4e4f265ea,0.99,150.2,0.3,16.16599465806796
content_4b59131dfb171cde,client_23a62021009f63c4,0.99,179.6,0.5333333333333333,28.85371968560652
content_3cc8fe44b722dea8,client_23a62021009f63c4,0.99,276.1,0.4,41.683522399632054
content_e18d075e1b82c957,client_23a62021009f63c4,0.99,390.8,0.6,28.327605735642937
content_315225a183395c42,client_23a62021009f63c4,0.99,532.0,0.16666666666666666,36.69681562974133
content_ff6aeb3bad11d687,client_23a62021009f63c4,0.99,197.93333333333334,1.5333333333333334,17.200538992921533
content_805c0c2e555a8057,client_e547b89c05043229,0.99,379.8666666666667,0.6666666666666666,25.037245754656904
content_15440cc509e5d330,client_23a62021009f63c4,0.99,276.96666666666664,0.7333333333333333,18.72523435690605
content_c622e437d5deca13,client_23a62021009f63c4,0.99,619.8333333333334,0.6666666666666666,45.64996574346881
content_6fbedda59fd7e5aa,client_e547b89c05043229,0.99,2168.4666666666667,1.1,21.863071613791394
content_576c5149c3eeb30d,client_23a62021009f63c4,0.99,103.8,0.2,20.49690826958413
content_7d2c9ac41b713b12,client_23a62021009f63c4,0.99,136.4,0.13333333333333333,41.52099140606724
content_b09ae6f24b8084ef,client_23a62021009f63c4,0.99,327.46666666666664,0.3,28.194669591381533
content_74d7dfcd438cbb0f,client_23a62021009f63c4,0.99,385.56666666666666,1.6666666666666667,17.136958866224827
content_53379b044fb94ffe,client_23a62021009f63c4,0.99,491.8333333333333,0.5333333333333333,35.02947441224691
content_8c96fddcf936bb37,client_23a62021009f63c4,0.99,161.03333333333333,0.26666666666666666,32.98513128002825
content_24ab22a0c2ba0e3e,client_23a62021009f63c4,0.99,102.7,0.5666666666666667,34.97467687257013
content_471826c79388bcb0,client_23a62021009f63c4,0.99,141.93333333333334,0.36666666666666664,28.13634363185591
content_22fbd5fa32321aa3,client_23a62021009f63c4,0.99,110.13333333333334,0.5,31.307677446452054
content_ccca772111f72a6a,client_23a62021009f63c4,0.99,102.5,0.3333333333333333,29.583064427105292
content_6a0062fc90dad3df,client_e547b89c05043229,0.99,493.56666666666666,2.0,20.577419162701393
content_d29601d91c763b75,client_e547b89c05043229,0.99,133.26666666666668,0.36666666666666664,19.789138353963185
content_95cc175db8cc313e,client_23a62021009f63c4,0.99,281.0,0.7333333333333333,20.518167721839728
content_f306019223ee08c3,client_23a62021009f63c4,0.99,182.9,0.4666666666666667,26.001245393927853
content_66e20512bb3157d7,client_e547b89c05043229,0.99,492.96666666666664,1.4333333333333333,19.246057831906224
content_974d211ac7627ad5,client_23a62021009f63c4,0.99,447.2,0.26666666666666666,25.969728128431214
content_cf8feaf607f261fa,client_e547b89c05043229,0.99,148.7,0.4666666666666667,15.896477158007135
content_71f1d7aa7289a567,client_23a62021009f63c4,0.99,140.86666666666667,0.16666666666666666,43.58979439132801
content_13d04b0617680a76,client_23a62021009f63c4,0.99,101.26666666666667,0.3333333333333333,21.90173245316838
content_62460a440bdf0f11,client_e547b89c05043229,0.99,323.6666666666667,1.7,23.15801383518224
content_f2272749f5b172b0,client_23a62021009f63c4,0.99,345.8666666666667,2.466666666666667,16.97358400222618
content_e1e38340ae3b078c,client_86ebc2f12c01f586,0.99,283.625,0.625,31.032812912981388
content_0c374dc9090cda13,client_e547b89c05043229,0.99,142.73333333333332,0.3,15.9102361280822
content_440b29b6cbf4cb63,client_86ebc2f12c01f586,0.99,123.875,2.0,36.48864541904127
content_4abfb7ddc8438eb8,client_23a62021009f63c4,0.99,155.8,0.2,25.932573985847096
content_f8ab54b332e199c5,client_e547b89c05043229,0.99,161.43333333333334,0.7333333333333333,17.74464148515629
content_2ae745bd4205bd75,client_23a62021009f63c4,0.99,124.2,0.23333333333333334,19.115505452642463
content_be84f445e9a6cf3b,client_e547b89c05043229,0.99,208.93333333333334,0.26666666666666666,23.47669258006615
content_90cd7f0323147aec,client_23a62021009f63c4,0.99,262.4,0.23333333333333334,59.81809117254188
content_17b9e821ceca190e,client_23a62021009f63c4,0.99,287.8666666666667,0.3333333333333333,45.03893641504683
content_dd5472aea4c7aa91,client_23a62021009f63c4,0.99,981.1666666666666,1.1666666666666667,38.50554359780009
content_4329baf29c06af3b,client_23a62021009f63c4,0.99,138.33333333333334,0.16666666666666666,27.177618448269506
content_7cebc73cf9a75481,client_23a62021009f63c4,0.99,160.56666666666666,1.9,18.208683837103827
content_9cef7ec92355642c,client_23a62021009f63c4,0.99,169.43333333333334,0.43333333333333335,30.365494935925632
content_e3fedb72068586e2,client_23a62021009f63c4,0.99,207.3,0.26666666666666666,31.02629047540295
content_5ade1d9df947cf38,client_23a62021009f63c4,0.99,128.03333333333333,0.7,22.235277638458896
content_2882aa4adf0538e7,client_23a62021009f63c4,0.99,193.8,0.1,23.872719892594425
content_5961526e671558ee,client_23a62021009f63c4,0.99,101.26666666666667,0.3,22.524623021221867
content_3a025922b92c2084,client_23a62021009f63c4,0.99,207.96666666666667,0.16666666666666666,29.346104143365157
content_c74cc5fdd36d2305,client_23a62021009f63c4,0.99,102.76666666666667,0.1,37.17349514335334
content_d2936e256887febf,client_23a62021009f63c4,0.99,148.33333333333334,0.13333333333333333,25.140612602220813
content_3beef766ea300c6e,client_23a62021009f63c4,0.99,290.6,0.9333333333333333,32.23368770762049
content_9c9defb6ed98603c,client_23a62021009f63c4,0.99,203.06666666666666,1.1666666666666667,22.12072640697848
content_c092e362bc01b9d8,client_23a62021009f63c4,0.99,167.4,0.2,33.6346310137879
content_241ab01426122c1b,client_e547b89c05043229,0.99,111.8,0.43333333333333335,20.111864531635533
content_faed89a718a5bb09,client_23a62021009f63c4,0.99,288.1,1.6666666666666667,29.81716475635388
content_d584ec696489b611,client_23a62021009f63c4,0.99,893.7666666666667,3.466666666666667,19.751995738591837
content_5ee17cfc65348a9d,client_23a62021009f63c4,0.99,142.26666666666668,1.0333333333333334,16.829590291291787
content_d3322fb3fc81cceb,client_23a62021009f63c4,0.99,142.86666666666667,0.2,31.02397051114866
content_0aef6d3cfb4b7072,client_e547b89c05043229,0.99,147.3,0.26666666666666666,21.74473032291454
content_e82b8e5a308212f4,client_23a62021009f63c4,0.99,604.5666666666667,0.9666666666666667,18.159335741309782
content_e6376ff2f72ca968,client_e547b89c05043229,0.99,127.8,0.3333333333333333,16.47868398235444
content_32692502d7e4ca17,client_20259bd6705d81d4,0.99,132.86666666666667,1.0666666666666667,25.566906233514906
content_ccceb2e1f877d7df,client_23a62021009f63c4,0.99,157.9,0.43333333333333335,24.56490420276201
content_f07315680a402cb7,client_86ebc2f12c01f586,0.99,155.375,1.5,32.56676458822319
content_2e4b9c678c5cea7d,client_157ffe4d4a595515,0.99,126.3,0.4,16.757325867903294
content_3b363a01ccbd0d40,client_23a62021009f63c4,0.99,111.13333333333334,1.2333333333333334,24.44190968442127
content_2760578cd802f630,client_23a62021009f63c4,0.99,220.3,0.6333333333333333,36.06474867315774
content_670026e4c2346e95,client_23a62021009f63c4,0.99,124.8,0.5,29.057925903862763
content_6be6f6c5466da00d,client_23a62021009f63c4,0.99,111.06666666666666,0.4,21.644579976473203
content_a9f4b3d3e7555090,client_23a62021009f63c4,0.99,678.6666666666666,1.3666666666666667,26.91309413762034
content_d1808ee871a8a677,client_23a62021009f63c4,0.99,100.83333333333333,0.5333333333333333,22.224183215457217
content_db308263f799976a,client_23a62021009f63c4,0.99,411.0,1.1666666666666667,18.803373084724356
content_906bc0d7b18fa4fa,client_23a62021009f63c4,0.99,168.43333333333334,0.7333333333333333,25.29769637833401
content_884eaefe3d439462,client_23a62021009f63c4,0.99,138.8,0.8,24.346228677017816
content_696968e3355e1000,client_23a62021009f63c4,0.99,330.73333333333335,1.8,15.564661380516801
content_e37bf19aeb64bc6d,client_23a62021009f63c4,0.99,140.83333333333334,0.1,28.36340862580655
content_5aeddc57e1e86fbe,client_e5c2aa26a8598242,0.99,111.76666666666667,0.13333333333333333,33.37720961764873
content_c47a3e00fa653015,client_8ddc46da5414ffd8,0.99,132.53333333333333,1.4333333333333333,18.158360638612752
content_a545d48252aba6f3,client_23a62021009f63c4,0.99,557.7,1.4666666666666666,16.183094929183245
content_131755b91ee73ad6,client_86ebc2f12c01f586,0.99,115.75,1.0,17.928760049022856
content_2f10bba6874fe0cb,client_86ebc2f12c01f586,0.99,112.0,1.0,36.25154598105464
content_39ee2a9648203599,client_23a62021009f63c4,0.99,170.53333333333333,0.4666666666666667,28.71663377042159
content_17980957ca62e327,client_e547b89c05043229,0.99,130.26666666666668,0.4666666666666667,25.052964189353176
content_3f71d77f73ce16ed,client_23a62021009f63c4,0.99,101.36666666666666,0.4,41.04815277279552
content_d8b92e3d71b9436f,client_20259bd6705d81d4,0.99,106.83333333333333,1.0333333333333334,27.545135767299364
content_94b43f9ce1f08445,client_23a62021009f63c4,0.99,132.33333333333334,0.3,28.784055650898082
content_f1acca843b13537f,client_23a62021009f63c4,0.99,171.13333333333333,0.36666666666666664,39.700767803169406
content_86a83f49bd19fde8,client_23a62021009f63c4,0.99,178.03333333333333,0.3333333333333333,15.687992576142351
content_b9acfd1b32f186a7,client_e547b89c05043229,0.99,368.96666666666664,0.4,17.9328644501676
content_199d88bed923da7e,client_23a62021009f63c4,0.99,110.9,1.1,17.988787924243464
content_a81f5ff47cc58254,client_86ebc2f12c01f586,0.99,126.125,1.25,28.63616875442183
content_19412009bb676d79,client_e547b89c05043229,0.99,248.1,0.5666666666666667,41.36688524017014
content_3df34fcfead56e91,client_e547b89c05043229,0.99,115.56666666666666,0.13333333333333333,28.206229278884756
content_18cce0e05ac24887,client_86ebc2f12c01f586,0.99,146.375,1.375,53.530744465941716
content_bd923ff58e3bdfbc,client_23a62021009f63c4,0.99,104.56666666666666,1.0,17.72056319262458
content_90da25ef7515eb01,client_23a62021009f63c4,0.99,179.4,0.26666666666666666,15.720696484620058
content_2772b08abe387b9c,client_23a62021009f63c4,0.99,150.73333333333332,0.26666666666666666,28.96142095181931
content_8d931020303bce49,client_06d356715a8ff3b6,0.99,100.93333333333334,0.5666666666666667,15.350870250809374
content_d9f62a09e3167c3b,client_23a62021009f63c4,0.99,531.0666666666667,1.2,24.195763736082842
content_a32ab4f476572092,client_23a62021009f63c4,0.99,163.96666666666667,0.2,27.605633989092112
content_b73c679fe42a3acd,client_23a62021009f63c4,0.99,180.8,0.5,50.3900622303596
content_9e7755cfd491ae7a,client_73cda7b4e4f265ea,0.99,192.26666666666668,0.23333333333333334,17.19626543145419
content_4ecae04b6a0185e9,client_23a62021009f63c4,0.99,192.2,0.26666666666666666,23.60314769934762
content_c0ceeb9251613af4,client_23a62021009f63c4,0.99,531.3666666666667,2.7333333333333334,22.13624428901068
content_14df7b049d1d6467,client_23a62021009f63c4,0.99,1555.0,1.8666666666666667,25.34279025083112
content_8cd07c1830a68a0f,client_e5c2aa26a8598242,0.99,115.4,0.23333333333333334,18.44306871670597
content_97cfa64789efc025,client_23a62021009f63c4,0.99,956.6666666666666,1.5,22.943682171611904
content_a7f07597e3afdee9,client_23a62021009f63c4,0.99,369.3333333333333,0.9333333333333333,22.348299314198076
content_8e8891b8201391d6,client_86ebc2f12c01f586,0.99,126.625,0.5,19.789268540947543
content_4ee39f5889ebcee2,client_23a62021009f63c4,0.99,104.63333333333334,0.13333333333333333,35.90871424249367
content_cbd0fdbc5c6a1ded,client_23a62021009f63c4,0.99,147.13333333333333,0.16666666666666666,50.072163005524736
content_adaa4779262d136c,client_23a62021009f63c4,0.99,118.23333333333333,0.3333333333333333,37.086091113154446
content_127495fd26c555b2,client_23a62021009f63c4,0.99,257.06666666666666,0.9666666666666667,25.038805141248865
content_7dad9fd16f552ce2,client_23a62021009f63c4,0.99,173.86666666666667,0.3,31.565303656374976
content_d1ddc152b92ce182,client_23a62021009f63c4,0.99,229.0,0.6,16.013562140652034
content_782a7d0ac69576a6,client_23a62021009f63c4,0.99,341.1,0.6666666666666666,30.836838974366085
content_a8eab826a636f192,client_23a62021009f63c4,0.99,134.83333333333334,0.43333333333333335,16.288854354053864
content_c7ba3fd923aa387a,client_23a62021009f63c4,0.99,175.16666666666666,0.5,26.53531976271523
content_0e3da2f84942ed43,client_23a62021009f63c4,0.99,110.36666666666666,0.5666666666666667,25.271033336945614
content_180641c1dfe31dc6,client_23a62021009f63c4,0.99,249.36666666666667,0.3333333333333333,28.22757906503516
content_e70886c63f95aa1c,client_23a62021009f63c4,0.99,294.6,0.6,36.540092285632376
content_5467d426abd71d63,client_23a62021009f63c4,0.99,127.53333333333333,0.13333333333333333,24.19585218133215
content_8d4b6ee5ba044a61,client_23a62021009f63c4,0.99,118.13333333333334,0.6,16.939429655690223
content_84ac159666c9d8e3,client_23a62021009f63c4,0.99,156.0,0.8666666666666667,23.656148935657953
content_02c97d5b22e7a8ef,client_23a62021009f63c4,0.99,101.5,0.4666666666666667,16.603884146943365
content_fbddd3ba8344faad,client_23a62021009f63c4,0.99,891.5,1.0333333333333334,31.17899693223144
content_7de4f81725f32ff9,client_23a62021009f63c4,0.99,109.7,0.26666666666666666,25.042620268506546
content_5744f1b5ce59504f,client_23a62021009f63c4,0.99,105.1,0.13333333333333333,16.377290664836824
content_a63d481e02f8eadb,client_23a62021009f63c4,0.99,278.9,0.8333333333333334,20.287243564899953
content_82ab5a1f435db61e,client_e547b89c05043229,0.99,107.4,0.3,15.773490846657923
content_41cef3238b9cdaeb,client_23a62021009f63c4,0.99,189.6,0.23333333333333334,44.60389262685951
content_3e982694ed93aaf0,client_23a62021009f63c4,0.99,102.33333333333333,0.7333333333333333,18.909429723636617
content_1197339473785e1f,client_23a62021009f63c4,0.99,101.66666666666667,0.36666666666666664,22.162240112934295
content_1627913afb17f422,client_20259bd6705d81d4,0.99,152.36666666666667,1.0333333333333334,15.25780662906771
content_33522fbec1c08629,client_23a62021009f63c4,0.99,102.63333333333334,0.6666666666666666,17.99479651183584
content_c5786a7b0ea6ee57,client_23a62021009f63c4,0.99,118.93333333333334,0.3,32.85518396082708
content_62d4cbb45b4ce5ab,client_23a62021009f63c4,0.99,295.3333333333333,0.5333333333333333,15.598368066855489
content_84a29eda7f0bad72,client_23a62021009f63c4,0.99,142.96666666666667,0.2,35.564871375052164
content_8eb386d15bade863,client_23a62021009f63c4,0.99,308.1333333333333,0.36666666666666664,43.607870359609144
content_d1cd5b30bf1aafdc,client_e00b29e582949543,0.99,130.33333333333334,0.3333333333333333,37.17370034618281
content_49267c758cdcb3a8,client_23a62021009f63c4,0.99,305.4,0.26666666666666666,27.59748286856729
content_263d186f5e6e0121,client_23a62021009f63c4,0.99,120.46666666666667,0.9,16.346016770700256
content_e2d47b2609d4b274,client_e547b89c05043229,0.99,267.6,0.4,16.744742003753704
content_3e03f1cb42dc93fb,client_23a62021009f63c4,0.99,212.73333333333332,0.7666666666666667,17.19369691020801
content_eb02a7185cc71624,client_23a62021009f63c4,0.99,127.26666666666667,0.2,27.72873584894338
content_5a10cbcbb9ec8ef6,client_23a62021009f63c4,0.99,195.0,0.13333333333333333,18.714988661152027
content_2eeec88571402905,client_23a62021009f63c4,0.99,122.23333333333333,0.16666666666666666,27.8311835383436
content_436b5dc1edc1dd07,client_23a62021009f63c4,0.99,546.5,1.1666666666666667,20.98572893281932
content_37b58dd521e34446,client_23a62021009f63c4,0.99,165.83333333333334,0.9,27.574259670954532
content_cf5973f693f12bb3,client_23a62021009f63c4,0.99,223.96666666666667,0.2,18.27265431342625
content_d399288cb32514c8,client_23a62021009f63c4,0.99,160.3,0.4666666666666667,29.11575410511185
content_cc78b4454fbe1e3d,client_e547b89c05043229,0.99,133.26666666666668,0.5666666666666667,24.550415100609595
content_7287a575be889d8f,client_23a62021009f63c4,0.99,172.46666666666667,0.2,28.792635341352355
content_6cf0f0c1d7e61f81,client_23a62021009f63c4,0.99,254.0,0.7,28.451469577946916
content_99c63c59330193de,client_23a62021009f63c4,0.99,1429.1666666666667,0.6666666666666666,24.42560948691766
content_047a4c410eb30212,client_23a62021009f63c4,0.99,251.53333333333333,0.3,15.468818998449384
content_8499bc300a34d31f,client_1a730cb2640a1abf,0.99,154.06666666666666,0.8666666666666667,25.236284424323816
content_d9ff089f62d1bd27,client_e547b89c05043229,0.99,136.56666666666666,1.1,16.51555098236398
content_1e32f68ce93742c5,client_23a62021009f63c4,0.99,104.03333333333333,0.06666666666666667,31.482267400175438
content_cd9789acf668975b,client_20259bd6705d81d4,0.99,126.8,0.6666666666666666,17.152649395112416
content_297eca9c2d4ae1d0,client_23a62021009f63c4,0.99,260.8333333333333,0.8333333333333334,41.155772586095885
content_8d75e0387a0b4c23,client_23a62021009f63c4,0.99,405.06666666666666,0.2,26.54488007045126
content_5c17daacc1516fe6,client_23a62021009f63c4,0.99,165.76666666666668,0.8666666666666667,25.01631762049393
content_1a000a67ec358e03,client_e547b89c05043229,0.99,143.0,0.43333333333333335,16.690320350734062
content_f5e3edcb471656b8,client_e547b89c05043229,0.99,125.56666666666666,0.36666666666666664,31.23432189670493
content_5e57c91466510891,client_23a62021009f63c4,0.99,195.36666666666667,1.0333333333333334,24.99794527158191
content_c2c162d89753076a,client_23a62021009f63c4,0.99,704.6333333333333,2.933333333333333,17.739783845449377
content_30fbc0d91f4b78ac,client_23a62021009f63c4,0.99,264.26666666666665,0.5,29.227182566285116
content_16468fa26312b016,client_23a62021009f63c4,0.99,327.8333333333333,0.26666666666666666,18.22185902240654
content_76caa7b1b7661b68,client_23a62021009f63c4,0.99,130.06666666666666,0.6,27.393035559549897
content_a167b676ed02a92d,client_23a62021009f63c4,0.99,185.8,0.26666666666666666,17.353187993542836
content_d409c54a8ae8b0ab,client_23a62021009f63c4,0.99,115.93333333333334,0.13333333333333333,35.234962647489574
content_155b0e307f8ad36b,client_23a62021009f63c4,0.99,131.33333333333334,0.26666666666666666,22.203153137223786
content_c20a5d57d6cd25f1,client_23a62021009f63c4,0.99,1403.3,2.3666666666666667,24.994897226232602
content_6dbd3217b3069c17,client_23a62021009f63c4,0.99,110.06666666666666,0.43333333333333335,20.450607965213305
content_098a297bdd41c20a,client_e547b89c05043229,0.99,214.3,0.5666666666666667,16.761075175820658
content_ebbe02ffe5cc83e1,client_23a62021009f63c4,0.99,251.8,0.3333333333333333,40.19886946524041
content_e05b3c536c8b2dc1,client_23a62021009f63c4,0.99,103.9,0.6333333333333333,27.308074855466295
content_593f802a8c3b86ff,client_23a62021009f63c4,0.99,156.73333333333332,0.16666666666666666,24.060100867852785
content_e7135f8448a1f554,client_23a62021009f63c4,0.99,150.3,1.8666666666666667,16.803550586751207
content_351c5f4fc8a27a65,client_23a62021009f63c4,0.99,119.83333333333333,0.8666666666666667,15.957756480522805
content_9c3ecfe696975f86,client_e547b89c05043229,0.99,165.16666666666666,0.3,19.635351569497896
content_86d353e164519f11,client_23a62021009f63c4,0.99,106.8,0.16666666666666666,28.522049223938073
content_76259384d2bc812a,client_23a62021009f63c4,0.99,483.6333333333333,0.7333333333333333,20.692105997020644
content_41dda5f5c49bd9b8,client_73cda7b4e4f265ea,0.99,104.3,0.16666666666666666,25.214246710064003
content_c25e1ce80a4863eb,client_23a62021009f63c4,0.99,158.13333333333333,0.6333333333333333,28.895044413559727
content_9425b9402f9473c7,client_e547b89c05043229,0.99,198.63333333333333,0.8333333333333334,15.180757120948751
content_4c334ceae52e6eb4,client_23a62021009f63c4,0.99,133.86666666666667,0.6,16.333648395523888
content_0b7e2cd65fadec6f,client_20259bd6705d81d4,0.99,216.66666666666666,0.6666666666666666,31.112088360198246
content_04e19ae969116d59,client_23a62021009f63c4,0.99,174.76666666666668,0.2,26.198035573312833
content_79f3bd2d24002c4b,client_23a62021009f63c4,0.99,118.73333333333333,0.6333333333333333,26.719293231253847
content_9cb150a3abedeaac,client_23a62021009f63c4,0.99,121.56666666666666,0.16666666666666666,19.533078976032186
content_68d7bfebc3799aa5,client_23a62021009f63c4,0.99,113.43333333333334,0.4666666666666667,33.944883432612606
content_6f793b850a15fbd1,client_20259bd6705d81d4,0.99,121.76666666666667,0.2,48.07059678450267
content_7bc0bb22ee3a7693,client_23a62021009f63c4,0.99,101.73333333333333,0.1,23.540698659018062
content_f30c7eaf89df8788,client_23a62021009f63c4,0.99,232.23333333333332,0.43333333333333335,40.29203194526893
content_f6723f0229e1bfdc,client_23a62021009f63c4,0.99,468.8,0.43333333333333335,19.985303851220824
content_d83e0e3f7a86a869,client_e547b89c05043229,0.99,114.53333333333333,0.7666666666666667,18.686458889379274
content_8fdfdcebe802750c,client_23a62021009f63c4,0.99,123.03333333333333,0.26666666666666666,15.830964982001715
content_9efc9595a4d207c4,client_e547b89c05043229,0.99,158.2,0.4666666666666667,24.753373336801072
content_a9633bcf64839b52,client_23a62021009f63c4,0.99,125.63333333333334,0.4666666666666667,26.04952489772967
content_9222f068f15d01e0,client_23a62021009f63c4,0.99,111.36666666666666,0.6666666666666666,22.432665662307
content_a5a02f775c14d30f,client_e547b89c05043229,0.99,141.3,0.9,15.745729884585009
content_cd124dcd0c97249f,client_23a62021009f63c4,0.99,116.43333333333334,0.1,26.760658904242952
content_9bd04f4900f2df2b,client_e547b89c05043229,0.99,141.8,0.8666666666666667,23.898219109843467
content_04cb6b15919bf391,client_23a62021009f63c4,0.99,596.8666666666667,0.43333333333333335,38.894085026623266
content_01bf0b8e22f9feb9,client_23a62021009f63c4,0.99,295.76666666666665,0.23333333333333334,41.52097704211069
content_fb574889e086edc9,client_23a62021009f63c4,0.99,151.93333333333334,0.7,29.171603947369523
content_ac9797fdc4fb05ef,client_23a62021009f63c4,0.99,172.26666666666668,0.5666666666666667,22.420153994568068
content_bc67b650388b32b8,client_23a62021009f63c4,0.99,223.0,0.43333333333333335,29.212362261811155
content_ae7e541273915d45,client_23a62021009f63c4,0.99,180.73333333333332,0.06666666666666667,37.508429960807284
content_87271052e7e5dd5f,client_23a62021009f63c4,0.99,118.03333333333333,0.26666666666666666,26.772569897942503
content_ab7d3859499a1636,client_e547b89c05043229,0.99,102.76666666666667,0.3,19.541940318051356
content_e32a4d5eccd20d33,client_23a62021009f63c4,0.99,111.0,0.3,16.964968209158357
content_8a2b7eb2cf37eb04,client_23a62021009f63c4,0.99,102.6,0.4,28.63642775621411
content_b4f0d6fab28b47ca,client_8ddc46da5414ffd8,0.99,224.23333333333332,1.6,22.455094530520988
content_9f0c23d1ba5745dc,client_e547b89c05043229,0.99,116.53333333333333,0.9,19.964350419319487
content_8df7ea4ddeb98669,client_23a62021009f63c4,0.99,196.0,0.23333333333333334,21.19895344642667
content_830b561183b8140d,client_20259bd6705d81d4,0.99,169.63333333333333,1.8666666666666667,16.268360391445007
content_3a74b8d17b9f7640,client_23a62021009f63c4,0.99,111.96666666666667,0.23333333333333334,26.963833664949068
content_63789e09236b1557,client_23a62021009f63c4,0.99,526.0333333333333,2.1,19.393434873497334
content_68d4a108fef4f3fd,client_23a62021009f63c4,0.98,503.96666666666664,2.2666666666666666,22.459052243708413
content_07f42581800c9eec,client_8ddc46da5414ffd8,0.98,140.53333333333333,0.3,36.31214772724169
content_13f5b24061768509,client_23a62021009f63c4,0.98,372.6666666666667,0.5666666666666667,33.29443073244657
content_81d88da5e36ab017,client_73cda7b4e4f265ea,0.98,168.56666666666666,0.2,23.92148908405288
content_ea8813666cc81eb3,client_23a62021009f63c4,0.98,120.06666666666666,0.13333333333333333,27.025139934106573
content_bb3d4e35896b67f9,client_23a62021009f63c4,0.98,100.86666666666666,0.36666666666666664,33.83049975555626
content_a848f79f753c23a8,client_e547b89c05043229,0.98,124.86666666666666,0.16666666666666666,20.157599036816432
content_3415425374b18b14,client_23a62021009f63c4,0.98,142.26666666666668,0.2,25.990694433654344
